.,.,pid9130-01,pid9058-13,pid9152-13,pid9161-12,pid9062-13,pid9103-07,pid9064-04,pid9060-13,pid9048-13,pid9067-13,pid9105-13,pid9159-04,pid9066-13,pid9085-15,pid9086-07,pid9139-13,pid9068-08,pid9097-17,pid9065-08,pid9063-13,pid9071-20,pid9070-21,pid9073-15,pid59340c-06,pid50534-05,pid9050-13,pid9090-06,pid9098-20,pid9164-13,pid9056-15,pid9163-02,pid9118-13,pid915406-13,pid9055-13,pid9088-08,pid9160-02,pid5667267b-10,pid9074f-13,pid9138-13,pid9099-13,pid9104-13,pid9165-04,pid9153-13,pid9100b-17,pid9087-07,pid9101-13,pid5667274-09,pid54293-09,pid9089-15,pid9093-13,pid9094-13,pid9132-11,pid52932-06,pid9049-13,pid9075-13,pid9059-13,pid54851-12,pid9072-13,pid9054-13,pid9147-12,pid9061-13,pid9111-13,pid9052b-09,.
measure,beat,Afanassiev 2001,Ashkenazy 1981,Beliavsky 2004,BenOr 1989,Biret 1990,Blet 2003,Block 1995,Brailowsky 1960,Chiu 1999,Clidat 1994,Cohen 1997,Coop 1987,Cortot 1951,Czerny 1949,Czerny 1949b,Ezaki 2006,Falvay 1989,Ferenczy 1958,Fiorentino 1962,Fliere 1977,Fou 1978,Francois 1956,Hatto 1997,Horowitz 1971,Horowitz 1985,Indjic 2001,Kapell 1951,Kiepura 1999,Kilenyi 1937,Kissin 1993,Kitain 1937,Kushner 1990,Levy 1951,Luisada 1990,Lushtak 2004,Lympany 1968,Magaloff 1977,Magaloff 1977b,Magin 1975,Milkina 1970,Mohovich 1999,Nadelmann 1956,Ohlsson 1999,Olejniczac 1990,Olejniczak 1991,Osinska 1989,Paderewski 1912,Perahia 1994,Perlemuter 1986,Poblocka 1999,Rangell 2001,Risler 1920,Rosen 1989,Rubinstein 1939,Rubinstein 1952,Rubinstein 1966,Rummel 1943,Shebanova 2002,Smith 1975,Szpilman 1948,Uninsky 1971,Wasowski 1980,Weissenberg 1971,Average
1,2,63,99,68,103,90,101,63,89,65,90,133,73,72,78,100,82,70,83,85,69,67,83,97,122,143,97,70,102,83,67,122,90,100,76,56,115,104,103,74,92,85,67,83,83,65,82,132,77,102,76,56,113,88,112,98,95,86,97,97,126,91,41,80,84
1,3,69,113,92,118,136,150,94,118,82,126,168,97,126,105,104,92,83,101,100,88,88,95,105,136,130,103,92,118,98,83,125,120,128,98,86,136,105,106,94,102,98,111,102,100,92,102,140,102,107,106,72,131,99,127,98,103,112,94,111,161,95,75,111,105
2,1,73,120,99,128,166,158,116,132,68,150,152,97,119,100,103,100,88,105,107,105,104,105,100,130,117,97,105,122,102,85,103,124,133,113,107,150,105,103,105,101,103,139,105,109,122,120,141,120,102,118,69,124,99,100,111,90,122,100,105,151,85,94,133,109
2,2,72,117,93,122,153,150,138,137,91,158,183,111,132,95,97,100,87,102,111,109,112,91,95,140,120,98,118,109,101,88,101,132,150,130,125,150,114,115,113,108,95,150,120,111,140,120,138,128,107,128,87,122,103,106,102,88,115,105,103,141,98,98,143,113
2,3,71,106,90,122,158,125,121,125,100,152,171,94,108,86,80,97,83,105,105,95,95,86,91,130,105,92,97,105,99,81,109,118,140,133,103,133,107,107,105,98,95,130,113,105,130,115,139,130,113,125,79,118,92,102,100,91,105,94,97,130,89,83,140,106
3,1,71,106,73,98,125,120,113,120,88,129,150,87,87,78,86,88,79,97,97,88,91,83,86,120,104,85,102,86,88,76,97,97,109,109,97,128,100,98,95,88,100,118,103,97,118,98,135,118,107,120,69,114,90,92,92,85,86,87,90,121,68,71,122,96
3,2,63,94,51,94,96,85,84,102,77,94,154,86,65,65,68,79,80,78,88,72,70,72,63,113,86,63,88,67,74,67,89,88,95,88,77,107,101,105,76,85,82,98,92,90,95,82,131,109,90,88,79,112,81,93,82,77,81,72,82,112,87,50,97,83
3,3,49,60,71,86,67,55,60,81,61,86,107,67,52,63,60,59,63,77,60,62,47,65,78,86,57,79,70,44,58,51,147,60,85,49,67,79,82,81,46,74,67,70,70,60,68,55,144,85,73,56,54,109,60,70,65,61,72,64,70,92,69,36,57,66
4,1,47,32,41,48,43,65,33,52,62,45,133,42,36,24,29,43,53,64,63,87,39,78,55,54,83,56,52,51,72,34,90,73,143,38,39,76,56,56,32,43,47,64,51,62,64,40,107,45,60,55,44,132,43,60,48,57,33,32,49,52,81,25,121,50
4,2,46,36,66,58,64,30,26,66,58,38,85,34,38,46,43,52,35,48,44,52,38,52,35,59,77,35,39,33,55,46,59,34,46,64,40,49,53,54,40,49,34,63,43,44,53,41,57,38,48,36,34,53,43,54,45,37,28,53,28,52,52,30,37,43
4,3,46,36,66,58,64,30,26,66,58,38,85,34,38,46,43,52,35,48,44,52,38,52,35,59,77,35,39,33,55,46,59,34,46,64,40,49,53,54,40,49,34,63,43,44,53,41,57,38,48,36,34,53,43,54,45,37,28,53,28,52,52,30,37,43
5,1,58,51,79,77,76,75,49,70,56,61,93,57,55,57,59,57,80,77,57,55,37,63,57,95,136,58,53,58,72,54,103,67,92,67,58,87,63,62,57,70,52,76,63,57,60,58,95,55,74,71,59,94,83,70,66,76,66,75,56,76,59,40,72,64
5,2,72,74,107,75,91,122,85,60,71,89,143,86,120,107,102,87,97,98,105,96,52,85,103,97,81,105,99,102,95,89,107,100,115,90,94,120,97,97,91,103,105,133,92,105,114,82,108,97,105,81,68,123,95,112,111,109,78,97,60,91,111,52,108,93
5,3,78,72,103,107,130,103,85,114,88,69,99,104,80,104,94,97,91,90,109,88,68,97,115,111,185,115,80,97,79,75,113,73,146,71,66,111,107,106,79,103,92,134,66,109,174,97,187,100,118,158,66,92,94,134,120,118,128,85,110,233,120,74,131,99
6,1,67,91,95,120,93,100,64,114,77,91,203,73,61,102,105,87,78,67,90,83,78,102,96,97,83,97,74,65,97,70,113,85,109,107,52,77,119,116,141,86,67,102,105,92,120,96,138,69,87,95,68,127,90,108,111,103,105,83,101,143,91,79,75,90
6,2,82,98,153,113,132,86,102,93,77,118,133,76,91,170,179,107,112,100,90,94,120,115,90,129,146,91,81,138,95,106,115,73,122,119,102,136,125,131,117,125,58,105,78,88,95,107,156,115,80,113,98,113,113,129,109,105,98,107,131,150,119,90,82,105
6,3,81,97,157,125,140,92,122,130,99,120,149,91,125,129,131,83,127,94,125,130,127,103,107,131,140,109,119,141,82,88,120,142,130,110,130,155,120,120,128,122,97,107,95,125,133,123,163,118,107,128,97,117,100,109,120,122,94,112,105,142,113,109,140,116
7,1,77,96,138,130,141,122,86,154,103,118,148,109,122,125,118,98,115,128,118,118,130,103,109,126,131,109,122,136,102,98,120,136,167,140,113,146,112,112,124,118,128,146,111,118,143,127,127,120,130,133,105,111,117,125,127,128,125,128,105,128,115,71,133,119
7,2,75,94,103,102,87,87,67,91,80,95,136,98,80,102,103,98,100,95,95,82,68,86,86,111,103,87,92,125,87,86,100,92,102,100,77,122,91,91,97,95,80,107,82,95,103,92,115,107,98,128,81,111,97,128,103,102,78,103,105,128,76,56,92,94
7,3,67,67,73,83,73,60,48,71,59,70,120,73,49,62,64,67,85,70,65,61,61,83,75,76,81,75,66,111,84,59,82,64,80,59,61,83,61,61,61,71,46,81,62,65,77,73,91,72,80,67,59,99,73,81,75,72,45,74,97,98,60,34,76,68
8,1,65,101,88,94,83,92,74,107,65,87,122,77,64,92,98,71,95,76,91,78,85,100,96,84,93,100,83,91,111,75,106,78,88,87,55,80,80,82,85,85,97,80,85,94,103,92,134,75,94,79,61,111,89,103,112,100,111,80,92,140,86,62,61,86
8,2,72,107,120,109,128,122,76,120,85,107,143,97,105,115,122,97,103,97,105,105,111,103,94,130,131,92,103,115,132,101,120,107,120,107,102,107,102,102,118,120,104,118,83,102,122,107,146,103,122,95,94,107,98,122,125,118,126,114,118,119,98,66,105,107
8,3,65,89,128,79,130,89,69,132,85,109,130,75,109,125,128,94,83,99,103,91,86,113,76,120,128,77,87,125,87,93,104,115,109,90,85,143,105,102,118,90,59,107,66,105,88,90,125,101,103,132,71,111,66,136,125,95,113,117,91,113,83,45,76,95
9,1,70,106,113,94,125,78,92,83,63,95,122,87,68,91,90,76,92,85,94,81,87,97,87,125,145,88,78,109,80,83,121,65,76,67,81,109,103,103,94,97,117,87,70,95,98,88,105,94,73,90,78,96,79,112,100,90,65,109,90,126,111,61,82,90
9,2,73,125,120,100,128,111,92,103,85,92,154,88,106,97,97,80,113,79,86,78,115,102,94,76,120,94,81,113,107,88,86,103,106,86,95,128,109,107,118,102,83,112,91,87,130,118,181,83,113,80,68,101,91,113,122,107,107,77,107,108,95,58,97,98
9,3,76,111,125,94,95,120,107,125,99,113,158,86,143,133,134,102,111,88,105,101,130,107,119,114,123,118,91,143,84,87,114,115,94,111,111,128,107,107,133,109,59,121,82,103,120,120,95,111,112,140,94,103,105,133,90,90,101,121,107,100,97,102,115,107
10,1,66,117,100,105,92,111,111,88,86,84,146,91,97,105,103,97,95,91,122,100,89,94,95,125,146,97,77,109,96,80,97,79,90,86,109,109,107,109,111,107,111,98,91,122,146,111,108,103,95,107,92,88,97,106,107,102,67,109,98,98,109,97,98,100
10,2,63,125,112,111,115,103,80,123,78,91,136,94,113,98,100,92,115,73,113,87,111,102,105,80,87,107,95,115,115,82,112,94,110,102,97,98,107,107,122,107,82,111,71,113,130,114,157,89,125,78,95,111,106,117,103,100,89,83,98,101,113,85,80,100
10,3,59,102,86,102,83,67,88,107,68,82,141,63,90,134,116,79,92,58,103,63,150,83,103,98,84,102,74,105,113,70,112,77,119,91,66,111,94,94,117,111,54,88,54,103,113,92,108,110,105,147,96,112,95,87,79,75,147,87,104,70,111,96,95,91
11,1,61,122,75,120,74,130,111,107,53,78,139,75,69,97,96,62,97,72,115,119,155,92,98,88,75,100,100,122,115,82,100,98,119,135,71,115,82,83,137,95,114,131,104,113,167,103,115,99,143,107,84,106,104,92,111,109,131,107,89,158,82,64,97,98
11,2,77,135,121,120,119,128,79,83,86,115,162,107,58,103,110,98,128,87,92,114,117,116,109,118,131,109,109,130,127,91,89,100,136,88,111,146,109,108,105,125,92,107,97,95,83,88,130,115,120,105,98,108,106,133,113,122,123,103,89,111,109,92,82,106
11,3,62,100,114,116,88,95,100,97,94,105,168,111,85,145,140,103,122,95,95,75,149,94,110,101,108,109,90,130,110,75,99,100,111,74,98,136,111,113,85,105,64,98,92,94,111,92,142,118,113,154,120,105,98,90,107,109,126,96,122,93,115,88,88,103
12,1,57,93,88,121,61,118,74,138,61,145,139,97,82,106,102,86,115,81,93,83,114,99,92,127,118,95,102,94,87,77,109,95,91,121,74,105,74,74,145,113,94,118,118,94,105,100,95,98,128,111,90,118,94,104,107,102,207,86,82,95,96,52,76,96
12,2,65,87,87,107,103,81,70,100,78,91,130,82,83,103,105,83,82,88,79,81,100,96,101,72,87,100,86,71,92,75,93,76,95,80,76,102,108,105,94,105,62,80,87,81,85,75,94,77,98,71,85,85,91,87,85,85,152,82,74,86,90,43,64,85
12,3,55,71,85,93,67,61,56,112,68,91,122,58,119,130,152,70,66,58,74,87,146,74,71,70,75,72,74,74,61,76,112,57,78,70,60,81,124,124,90,87,53,68,74,71,80,74,133,63,72,132,67,88,75,90,76,73,139,69,69,63,76,42,44,76
13,1,59,80,108,92,74,91,50,104,82,103,109,62,84,98,92,78,123,104,57,56,90,74,83,75,73,83,82,72,74,61,80,98,134,56,65,92,91,91,73,76,52,84,79,57,57,71,91,65,77,81,65,73,81,71,72,83,101,73,72,54,73,54,76,76
13,2,73,87,74,120,71,92,95,125,82,110,120,92,104,115,112,102,120,109,88,105,122,89,109,84,83,111,111,105,105,80,102,88,120,81,85,102,98,96,103,103,72,128,94,87,101,87,105,78,113,115,76,119,85,99,98,104,106,100,75,155,101,79,113,97
13,3,62,67,65,82,53,88,44,73,58,108,102,77,59,75,73,65,89,72,70,77,97,76,75,63,90,74,73,94,67,64,98,47,116,63,62,75,61,62,67,65,47,82,52,65,85,73,74,66,87,69,50,92,99,62,60,73,112,63,69,120,71,44,100,70
14,1,65,101,100,107,92,120,68,88,85,115,117,76,76,92,104,87,113,78,100,93,125,97,99,101,101,100,96,109,81,78,103,96,102,131,69,89,100,102,104,101,62,107,108,113,130,103,122,81,102,100,121,109,99,103,93,101,129,91,82,130,116,90,76,97
14,2,67,113,157,113,100,111,100,119,95,128,153,98,141,143,131,100,124,91,86,91,145,99,103,130,145,107,94,138,97,106,118,90,130,129,143,118,116,113,122,115,69,99,80,87,100,95,128,127,94,164,98,100,91,109,122,88,94,129,125,123,125,99,94,109
14,3,49,82,136,113,59,113,83,90,101,105,114,82,105,103,110,100,107,90,105,110,137,123,97,113,126,97,115,134,85,79,103,97,160,95,117,115,145,145,107,110,118,81,104,103,98,88,135,128,100,124,91,121,76,85,112,85,113,111,106,83,130,91,89,103
15,1,53,73,98,100,75,91,86,93,70,132,132,95,85,90,97,72,98,87,78,130,114,90,78,97,96,78,97,114,95,68,113,77,144,123,95,130,121,100,112,75,60,134,82,79,93,74,127,109,79,95,87,81,109,82,89,89,118,92,89,99,118,87,76,92
15,2,73,69,161,92,57,105,48,124,77,103,115,92,120,125,128,79,102,90,78,105,100,111,79,128,134,79,73,103,95,77,116,67,199,123,87,152,91,107,95,85,65,105,83,76,88,67,113,95,105,85,83,96,121,80,114,81,92,125,101,101,103,103,112,94
15,3,60,87,137,111,85,66,34,104,55,83,121,71,58,60,70,87,99,72,61,98,86,91,72,112,125,73,67,62,103,66,105,65,131,62,59,134,70,71,44,91,90,65,75,65,57,73,67,95,87,110,64,70,100,77,61,71,68,76,90,118,128,78,106,77
16,1,59,104,92,104,92,89,69,97,77,97,120,88,65,93,102,68,94,69,90,97,118,106,85,86,90,85,96,67,106,78,111,83,116,102,61,129,100,101,76,103,75,87,90,88,87,105,109,73,107,105,63,102,101,117,96,113,105,95,94,124,95,67,56,90
16,2,70,129,133,120,125,133,90,133,91,116,133,95,95,107,115,94,113,86,100,108,128,107,96,130,139,100,109,97,119,94,147,101,111,140,103,122,119,117,102,107,105,120,88,98,122,115,110,101,118,102,91,115,102,120,111,120,146,107,118,131,124,120,109,111
16,3,67,121,122,113,115,118,92,125,96,120,125,75,121,105,113,109,83,91,77,91,130,112,87,140,158,87,101,103,118,96,179,115,99,130,109,102,104,104,109,99,107,140,74,77,79,111,158,116,118,137,90,115,113,126,92,125,122,118,94,133,99,122,97,107
17,1,55,115,111,103,110,100,60,109,68,107,93,75,99,74,79,98,81,84,63,93,104,114,66,128,134,67,59,94,100,82,94,82,89,118,75,96,105,105,83,81,62,120,69,62,58,85,99,95,69,120,65,119,95,84,78,82,136,103,65,86,83,95,95,86
17,2,71,128,128,97,75,130,61,82,84,85,159,97,85,92,97,95,95,72,104,73,129,99,91,79,77,92,119,91,82,83,95,125,84,69,66,77,114,112,103,92,64,111,97,107,95,111,137,78,120,111,87,81,99,115,118,104,132,92,64,107,96,111,66,93
17,3,70,106,100,97,98,75,69,90,85,112,167,85,152,126,114,112,83,84,75,111,111,95,105,148,94,103,86,97,80,83,108,110,120,74,102,113,122,122,94,92,72,111,79,74,87,94,122,94,108,162,94,98,114,101,72,78,155,116,89,74,120,166,64,97
18,1,65,85,85,89,78,87,48,112,64,108,107,71,84,83,110,97,96,86,58,52,86,96,82,87,154,82,71,92,137,63,103,85,128,82,115,113,68,69,102,85,92,127,78,58,69,78,83,83,82,70,52,84,88,72,85,70,128,78,83,87,61,81,101,82
18,2,59,94,88,93,93,111,62,135,87,76,145,88,148,104,100,88,100,72,71,70,101,96,87,67,70,92,91,104,81,69,95,92,83,88,91,150,108,108,100,98,60,106,78,71,67,91,99,83,111,90,74,96,85,95,90,91,118,76,115,103,82,61,66,88
18,3,38,81,59,75,69,129,65,116,79,75,142,69,84,85,78,85,92,83,53,90,99,85,94,105,98,92,90,105,85,75,98,67,71,78,79,128,73,72,108,75,41,105,53,52,63,74,76,67,83,76,81,105,77,71,84,72,112,58,115,72,108,57,95,79
19,1,59,83,59,80,83,106,56,58,65,90,104,86,81,78,75,85,80,95,88,71,62,106,93,95,123,94,66,61,103,66,111,62,70,76,69,99,68,68,81,97,69,76,77,88,100,64,72,83,80,115,67,109,89,79,85,85,107,83,116,104,86,63,124,81
19,2,55,77,109,98,102,83,52,85,72,107,140,109,60,69,67,76,91,73,60,85,87,93,93,75,66,94,92,57,78,77,97,86,83,72,107,100,84,82,75,94,108,83,82,61,73,68,66,100,109,95,62,133,112,92,109,91,50,87,127,105,63,54,128,82
19,3,64,76,85,95,115,65,75,115,77,121,122,90,114,69,67,77,98,77,87,86,69,82,86,133,129,87,100,90,77,67,94,81,106,82,92,87,106,108,73,118,98,115,78,87,107,86,82,91,122,111,87,107,98,102,113,92,79,70,77,111,94,68,109,90
20,1,56,79,72,92,107,102,52,120,72,112,122,78,95,75,82,59,91,73,92,79,101,97,72,111,107,74,82,85,111,68,94,97,92,100,65,83,108,111,80,98,65,130,76,94,113,67,70,106,90,85,92,115,105,99,111,90,117,61,111,109,70,64,85,87
20,2,53,108,105,82,72,105,53,73,63,103,113,76,69,95,107,85,69,62,69,83,102,80,80,86,90,80,76,97,121,79,83,88,68,128,76,67,66,66,76,78,77,133,74,69,71,53,73,101,76,66,73,114,105,89,86,73,99,71,79,92,71,48,63,79
20,3,42,97,120,64,61,59,49,87,54,75,81,59,65,130,126,69,58,48,55,56,92,45,79,90,126,79,55,97,87,80,84,78,80,111,55,58,64,63,80,68,60,130,62,55,68,48,117,91,57,70,54,105,92,61,60,54,91,58,52,77,67,66,52,69
21,1,55,90,113,80,76,91,56,81,85,72,125,68,60,72,75,72,95,72,55,59,69,72,86,111,128,85,82,87,75,66,83,79,118,101,67,71,64,64,70,70,55,91,71,55,64,68,106,72,95,70,67,111,91,74,69,84,85,75,68,72,79,56,87,76
21,2,67,122,107,80,115,107,68,71,101,113,158,95,111,105,113,88,111,90,95,96,86,91,105,85,110,107,110,118,88,91,105,120,128,112,104,111,109,110,105,105,118,144,94,95,109,107,132,107,136,128,95,112,101,111,106,99,119,109,77,115,124,73,87,103
21,3,82,108,113,127,146,94,113,98,80,83,131,111,87,107,100,92,105,82,114,111,100,93,102,138,150,103,88,118,88,81,103,66,162,79,79,111,96,97,82,111,94,140,80,113,167,107,181,111,150,133,65,115,89,122,129,105,120,90,103,131,128,118,134,104
22,1,59,127,125,109,122,128,62,113,106,99,181,80,87,102,103,103,106,65,87,77,111,93,98,104,110,100,87,105,111,75,107,105,115,109,57,75,108,105,150,92,80,113,125,88,128,107,144,85,103,115,143,108,129,125,130,123,129,103,113,144,91,105,84,102
22,2,82,138,148,122,144,84,90,122,105,145,175,91,140,160,201,113,120,87,109,77,145,100,103,137,143,103,105,149,109,129,117,94,151,162,146,113,130,135,128,131,87,136,120,109,109,115,147,128,105,150,109,103,122,128,120,136,97,133,115,132,121,147,97,119
22,3,67,126,93,111,103,111,66,84,104,134,120,98,127,93,90,79,106,71,93,109,114,99,96,92,102,95,101,121,91,83,105,110,127,107,102,103,114,112,125,113,133,102,92,92,120,100,161,115,78,122,96,109,94,113,118,115,109,103,108,112,138,108,103,104
23,1,65,115,220,104,78,69,64,76,105,78,143,81,91,105,138,90,109,80,68,79,100,114,98,96,86,98,118,132,56,88,100,93,102,105,113,95,100,102,107,103,57,95,92,69,81,88,135,83,114,98,91,91,88,84,100,116,106,94,79,112,77,96,69,92
23,2,64,103,110,117,102,98,79,87,78,98,150,105,106,75,88,100,91,99,107,92,105,98,73,107,114,74,100,145,114,81,109,86,140,95,97,100,108,109,91,109,111,105,122,109,94,109,123,115,113,102,82,94,86,92,96,92,78,128,131,116,95,90,104,100
23,3,71,83,68,88,69,63,46,69,61,75,136,75,58,53,55,66,86,70,70,60,63,75,78,76,63,79,61,111,76,62,87,70,87,77,65,63,58,57,65,76,61,74,79,69,79,76,84,83,80,63,59,81,63,77,64,75,49,87,100,83,74,59,82,70
24,1,71,108,90,97,79,97,83,114,75,94,130,80,74,86,97,73,100,71,104,90,92,96,95,83,86,95,81,115,117,78,83,92,88,102,66,88,77,80,92,88,89,88,92,105,103,87,122,79,102,85,55,106,73,104,106,100,109,89,99,140,97,79,79,90
24,2,74,133,125,115,122,130,80,119,91,113,146,98,103,111,120,103,109,83,104,108,111,108,93,122,146,97,113,122,118,94,103,105,118,136,103,118,100,96,122,118,109,120,109,107,120,109,152,119,118,103,90,114,105,132,141,118,136,109,119,131,121,111,92,112
24,3,71,72,122,90,128,83,68,122,88,125,172,97,112,130,125,94,81,86,86,100,75,104,69,133,133,67,93,133,90,94,105,85,87,104,87,143,77,78,128,101,82,122,81,85,72,97,124,98,103,143,98,109,92,130,130,113,136,125,98,117,105,77,66,98
25,1,59,102,85,93,122,92,72,87,72,102,133,81,68,91,95,88,95,75,86,94,87,98,83,128,151,85,78,113,75,73,88,66,71,78,76,120,94,92,102,102,109,98,90,86,79,80,166,88,74,77,71,93,81,97,109,95,70,109,69,109,89,60,74,88
25,2,66,128,115,103,112,125,87,105,98,95,158,92,97,95,98,75,102,70,82,80,111,98,95,86,132,98,95,125,103,96,91,102,98,101,71,127,102,102,122,105,90,118,105,82,120,109,130,77,120,88,65,106,92,107,125,109,134,94,108,102,108,78,91,99
25,3,75,112,118,86,111,109,103,112,104,118,167,103,133,140,137,103,113,88,109,103,130,107,103,115,132,102,90,136,71,98,123,115,118,124,122,136,112,111,143,109,76,107,102,111,97,120,101,100,125,136,95,115,112,101,111,95,176,127,111,100,128,113,118,111
26,1,64,114,97,103,94,110,100,79,91,94,150,92,70,103,104,105,105,75,100,107,87,95,92,128,143,92,75,128,90,84,95,91,86,108,122,105,105,106,115,111,98,94,97,100,125,111,98,98,91,87,77,96,89,102,113,105,60,123,102,100,108,88,103,98
26,2,55,117,87,103,115,99,82,121,88,78,162,88,95,100,94,87,111,61,118,91,103,102,96,87,89,97,83,122,106,86,98,101,111,125,113,105,103,103,115,100,79,115,97,117,128,120,175,79,118,92,97,101,95,99,116,111,132,91,103,97,114,88,92,100
26,3,62,112,86,97,81,72,76,97,61,87,145,73,89,125,111,77,106,42,105,79,142,89,99,96,94,100,94,113,103,71,100,76,131,136,83,90,122,122,78,89,58,102,92,106,125,92,114,111,122,156,95,98,85,83,89,79,125,124,109,70,123,82,85,93
27,1,65,117,72,107,66,122,73,97,72,63,164,76,69,95,109,83,114,68,142,121,133,100,97,81,75,98,111,130,110,80,94,98,125,114,76,107,82,87,136,101,93,136,131,133,171,95,114,100,114,89,92,86,89,99,105,86,154,100,84,155,106,67,91,97
27,2,75,122,119,120,122,130,94,78,99,113,171,107,98,103,102,91,113,74,87,115,114,105,104,113,126,105,107,140,119,89,98,120,130,100,111,143,105,100,117,120,87,109,122,86,86,111,126,94,114,121,102,103,105,105,118,92,122,107,95,116,101,97,88,106
27,3,77,97,120,128,79,102,86,113,95,133,137,120,56,144,145,98,105,85,128,95,125,98,99,98,111,98,92,113,104,75,94,85,123,87,97,133,86,85,85,97,66,99,96,107,100,90,134,118,113,140,109,103,78,103,88,91,130,117,101,82,119,81,88,100
28,1,56,103,80,107,60,107,97,126,58,112,181,88,57,101,103,79,112,82,80,106,120,92,85,116,111,88,102,90,93,78,87,94,117,134,72,105,90,82,152,103,103,121,122,97,107,88,98,92,113,107,90,73,79,80,97,79,194,82,82,104,111,54,81,93
28,2,60,115,111,94,86,90,81,109,74,111,148,90,88,105,105,85,78,77,78,91,80,94,92,72,91,90,92,85,109,75,78,85,103,87,94,87,89,99,102,105,69,91,95,79,77,76,133,72,100,83,78,87,72,88,87,80,142,79,82,87,108,47,72,87
28,3,53,70,80,83,60,58,75,80,62,101,112,60,92,112,112,56,74,60,59,68,81,56,67,60,82,67,78,66,70,67,80,53,88,57,67,67,84,107,75,70,41,71,84,59,73,55,123,64,64,82,50,60,71,71,65,58,112,81,97,54,124,47,52,70
29,1,43,73,65,66,41,61,49,66,68,56,63,56,59,81,92,58,73,66,40,53,80,69,52,55,58,53,59,36,47,49,91,63,97,67,53,65,67,57,57,53,42,81,87,40,56,55,98,58,56,83,38,46,57,52,53,52,74,64,72,70,74,47,75,59
29,2,75,91,131,119,69,100,98,114,88,127,157,113,114,125,121,120,135,123,78,87,115,110,107,85,80,107,109,100,103,78,113,101,121,80,119,105,123,114,110,105,74,93,113,79,81,96,121,90,112,139,62,117,73,114,95,93,154,121,99,135,117,92,102,102
29,3,58,92,93,90,64,88,68,87,70,109,148,90,53,77,78,73,107,66,95,93,100,82,92,68,89,94,86,99,55,68,100,66,130,69,79,97,82,87,83,75,65,75,70,82,98,81,95,80,92,102,52,101,78,81,70,77,103,70,90,121,96,56,81,81
30,1,62,125,115,102,106,125,74,93,98,106,150,75,80,95,98,90,104,78,106,100,111,101,100,103,105,107,95,115,98,79,105,100,118,144,73,98,109,108,101,94,71,107,120,130,125,103,111,80,100,100,109,108,102,91,98,101,118,94,77,130,103,98,94,100
30,2,59,107,133,92,78,109,87,113,110,127,175,91,132,136,140,115,115,86,80,73,120,102,113,105,125,107,87,143,89,112,111,91,136,108,147,92,111,114,125,113,65,98,103,81,87,102,125,111,92,166,105,105,96,130,101,113,105,143,98,118,115,131,87,106
30,3,49,65,123,86,75,83,73,94,117,116,172,75,98,97,105,97,115,79,67,85,135,86,105,100,88,105,88,138,91,74,101,105,150,96,144,102,86,81,113,112,80,86,125,68,93,83,130,115,76,137,92,97,87,91,97,90,112,104,66,79,149,107,89,95
31,1,56,62,98,81,65,90,70,95,73,93,117,71,81,80,90,60,94,86,64,90,97,76,64,77,111,65,85,112,80,57,98,59,184,88,85,109,109,115,62,71,56,122,64,62,78,62,107,106,73,80,71,74,83,95,64,70,167,80,76,91,105,69,67,80
31,2,62,99,82,92,81,82,52,112,74,133,119,95,95,94,91,94,109,68,84,81,89,78,82,81,111,82,73,111,142,80,112,58,155,77,107,150,79,81,93,89,94,109,83,85,87,72,95,144,91,105,85,84,101,83,98,88,94,106,109,165,127,76,90,91
31,3,47,77,52,109,79,72,42,86,59,83,129,81,36,81,100,80,92,67,78,65,109,78,59,80,89,60,78,77,77,54,134,76,131,77,70,105,83,81,62,86,76,83,70,71,83,91,68,70,87,91,61,86,90,89,68,89,67,96,108,91,78,47,99,76
32,1,61,100,68,105,78,88,74,95,74,98,150,81,61,94,103,75,87,67,70,87,99,121,86,92,91,87,82,81,100,78,111,83,107,110,63,122,91,90,65,90,74,81,88,79,77,92,115,73,102,127,63,111,95,88,96,111,117,95,74,120,95,66,64,87
32,2,69,120,122,111,120,133,77,109,97,111,162,97,97,107,115,103,107,76,99,109,128,101,95,113,131,97,115,103,128,92,139,102,111,133,114,115,109,107,98,128,107,118,107,98,105,114,124,97,128,82,86,110,98,103,136,114,144,112,122,126,106,106,105,109
32,3,71,111,122,113,111,103,74,122,96,113,150,95,107,109,109,100,83,92,59,87,130,110,86,136,142,86,91,103,109,96,155,113,103,141,118,98,112,111,111,110,103,136,94,60,75,111,131,111,102,128,97,111,109,80,146,122,136,100,102,129,87,102,107,104
33,1,57,111,105,97,96,84,87,101,81,94,158,73,77,75,82,113,79,83,55,71,111,106,61,118,92,61,56,80,74,84,98,81,78,83,79,90,119,120,87,91,68,107,109,54,67,82,97,100,64,91,67,82,95,66,92,75,146,116,67,83,88,62,105,84
33,2,57,118,113,94,73,130,69,78,104,77,146,83,96,93,92,92,105,72,86,78,128,86,78,82,75,80,114,113,95,78,88,125,76,107,72,80,110,111,103,111,62,109,102,87,103,100,126,78,105,74,88,92,109,103,125,96,130,95,53,113,98,76,82,92
33,3,60,95,107,87,88,75,86,89,73,83,203,86,132,115,111,109,80,94,75,76,142,98,99,126,95,98,73,98,80,76,108,97,113,94,148,83,107,110,102,97,68,107,87,76,90,91,131,104,130,162,96,91,128,92,139,65,204,117,103,67,118,123,88,97
34,1,63,85,74,90,66,82,50,116,101,103,99,69,84,83,110,97,94,97,68,66,94,68,80,117,140,79,76,98,125,67,96,86,125,74,90,130,60,60,82,94,92,104,88,74,78,77,93,96,85,73,56,60,79,76,84,73,129,72,74,89,74,65,75,82
34,2,55,108,76,95,99,120,56,127,72,79,146,82,122,109,103,88,90,71,72,78,80,122,96,82,71,95,95,109,76,71,90,90,74,91,88,125,82,82,95,111,61,93,74,65,67,94,92,83,115,92,73,81,99,76,97,90,133,72,71,91,93,54,97,86
34,3,31,96,50,75,67,122,61,118,64,62,153,66,112,86,79,76,87,82,63,76,91,84,90,94,92,94,87,105,79,77,94,65,62,84,77,113,78,78,85,74,40,87,65,64,59,69,73,62,77,86,82,80,96,75,88,54,120,50,71,68,103,50,105,76
35,1,53,75,53,85,84,115,65,52,64,87,125,92,78,76,72,88,87,91,86,66,49,101,85,80,122,87,61,67,106,69,118,62,65,67,61,103,74,74,89,98,75,77,95,86,113,64,68,80,73,105,59,108,89,81,87,79,100,79,112,92,96,63,140,80
35,2,51,77,107,100,99,89,51,82,78,95,159,92,54,68,70,78,91,76,65,106,90,103,99,62,75,98,94,48,75,71,94,88,88,69,98,83,80,79,71,91,92,79,111,67,74,65,65,99,101,94,73,134,102,85,100,94,63,91,79,116,61,55,130,82
35,3,65,74,77,85,111,60,67,115,81,120,125,78,113,65,62,72,85,69,86,81,61,76,78,103,136,80,95,79,72,67,109,78,102,75,85,72,102,101,76,150,95,105,118,86,100,85,60,88,111,113,86,136,91,85,102,91,84,71,122,90,91,55,120,86
36,1,53,81,66,82,77,74,85,102,94,107,118,67,47,69,68,58,76,58,73,67,80,79,71,85,95,72,73,51,73,60,108,80,76,136,57,59,95,96,69,109,62,79,94,73,92,65,67,86,61,69,87,216,107,92,93,94,111,58,89,98,63,56,73,77
36,2,46,86,118,72,70,103,41,77,79,129,65,48,46,77,74,56,58,53,58,74,73,56,71,82,137,71,82,51,79,61,132,74,103,118,50,79,72,73,61,90,50,65,107,58,63,56,64,113,65,68,111,146,120,102,85,91,118,48,111,80,63,44,89,72
36,3,55,66,80,79,97,70,80,90,79,126,105,72,126,101,103,85,88,79,74,68,82,90,77,133,188,77,92,86,90,84,122,67,122,117,73,103,109,108,77,91,74,104,94,74,67,100,95,65,81,107,102,171,102,79,103,85,133,75,92,66,80,71,87,88
37,1,65,74,88,90,93,109,62,63,92,116,150,81,80,111,101,91,97,75,79,77,97,102,67,82,84,68,86,85,118,84,100,86,187,141,69,128,114,113,83,112,61,134,103,79,83,100,132,66,111,103,94,171,97,99,94,105,151,81,83,111,70,83,90,92
37,2,71,113,188,122,132,144,121,123,146,130,154,114,95,146,126,125,123,86,121,133,146,119,112,128,199,111,153,146,122,105,139,111,193,143,107,150,131,128,122,135,109,169,134,120,139,144,213,99,143,150,105,219,135,127,131,128,237,108,123,151,93,132,189,131
37,3,71,122,194,133,137,160,132,128,135,178,176,199,150,150,162,125,119,80,119,126,163,128,112,158,204,115,188,154,146,129,158,165,184,162,150,146,115,119,133,143,158,168,155,120,156,138,173,139,154,171,130,188,118,144,175,156,226,120,168,140,122,163,221,145
38,1,81,163,171,162,205,207,135,212,159,184,182,215,103,176,182,158,151,163,187,149,209,154,128,167,223,125,177,176,187,154,171,191,241,222,167,200,201,199,158,187,146,223,179,182,217,167,306,193,167,240,146,234,200,195,194,178,320,156,185,182,172,134,243,178
38,2,76,117,98,120,108,105,47,87,94,113,162,149,143,120,120,113,132,87,113,122,150,122,74,90,112,75,120,118,133,109,120,145,132,139,91,95,95,96,128,100,86,130,102,113,137,125,135,81,98,136,79,190,108,104,123,99,129,126,117,136,103,98,156,109
38,3,69,124,146,133,148,140,90,117,103,164,195,146,146,167,158,120,120,76,120,116,160,154,108,186,155,109,156,113,158,132,168,176,143,127,125,147,117,116,175,110,113,188,151,124,133,142,165,140,120,200,125,192,105,128,127,112,268,114,139,168,143,149,241,136
39,1,71,161,150,177,174,187,104,204,136,238,139,214,96,176,185,162,172,153,236,172,232,131,125,150,206,125,197,200,188,155,142,175,240,196,231,212,150,177,185,155,200,240,175,225,240,189,223,159,154,150,143,260,177,145,177,157,210,182,178,193,158,164,247,172
39,2,80,134,87,125,115,109,90,108,119,115,154,162,89,133,126,132,150,88,92,129,143,116,81,116,174,82,125,122,133,109,130,137,162,128,105,160,168,142,142,115,98,152,125,92,120,129,129,109,125,182,103,188,109,119,123,114,187,126,119,155,113,122,162,122
39,3,74,102,140,167,151,162,156,125,175,142,154,188,198,192,171,169,146,91,193,151,220,106,118,152,280,118,207,162,154,157,149,221,253,197,190,165,126,125,181,170,182,174,152,194,233,185,180,166,136,187,143,226,120,186,192,152,188,134,165,199,160,198,199,161
40,1,79,155,130,186,185,231,152,216,148,306,154,286,136,183,207,181,172,155,260,156,211,173,128,181,142,130,188,200,207,161,132,208,253,190,211,205,160,165,216,189,162,223,196,254,283,182,216,188,166,250,158,216,148,184,207,184,353,170,209,170,170,168,300,184
40,2,82,145,103,116,93,95,79,103,111,126,115,176,121,158,155,146,142,90,154,156,160,107,85,83,128,86,157,98,154,127,120,162,146,154,133,111,82,83,167,109,111,144,130,156,181,158,60,95,100,162,115,186,114,117,129,110,158,130,112,142,87,105,161,119
40,3,70,101,125,109,109,120,125,109,103,111,111,167,101,150,207,145,115,71,148,145,172,65,85,89,142,86,228,118,182,127,133,176,156,129,82,143,105,105,187,90,154,191,143,140,117,133,89,88,97,157,108,249,87,105,133,109,162,118,112,184,115,106,196,120
41,1,75,156,120,130,114,154,141,98,111,117,140,134,117,215,154,152,123,91,104,124,143,109,98,121,116,98,154,122,143,164,123,148,213,171,164,155,109,109,191,137,111,176,185,92,111,166,187,115,140,209,170,169,119,129,124,119,250,160,156,181,99,110,146,133
41,2,73,157,158,169,176,169,134,137,124,129,143,181,119,176,169,148,150,85,102,111,182,111,113,172,141,113,144,94,164,129,139,161,181,183,150,192,152,141,181,127,161,176,163,126,213,167,158,137,150,190,165,216,108,136,146,132,253,150,141,175,113,118,200,145
41,3,72,159,189,153,176,160,121,130,130,171,188,207,130,171,178,129,158,88,152,145,206,117,104,152,202,105,272,111,218,167,177,171,183,159,143,182,108,180,191,149,129,174,146,150,184,174,208,170,143,192,191,175,104,143,146,141,226,140,159,140,125,136,203,153
42,1,78,200,157,174,154,250,146,222,157,164,176,258,109,222,203,188,172,162,217,156,215,155,131,194,183,133,304,133,273,144,125,176,250,187,128,170,183,117,235,173,220,234,173,222,240,190,223,208,157,254,160,272,138,200,243,176,289,182,217,200,136,133,237,180
42,2,71,139,92,120,97,130,65,90,107,142,125,183,108,182,164,120,152,90,134,105,139,112,76,105,140,76,133,54,158,108,118,136,140,142,79,144,85,84,159,103,105,150,133,140,171,150,127,96,107,156,109,147,102,115,126,107,128,128,127,120,63,62,148,112
42,3,64,98,121,114,74,78,78,77,79,65,130,120,122,128,120,92,133,91,83,85,87,142,101,102,124,102,184,81,98,115,129,123,148,108,90,140,100,101,159,91,164,150,118,82,157,146,130,124,111,136,102,143,73,78,113,68,25,91,122,148,66,61,146,98
43,1,60,123,63,100,126,87,61,66,115,94,140,120,97,118,113,120,106,118,123,98,130,72,109,95,75,109,152,111,113,101,105,117,156,131,82,102,62,62,146,82,77,125,146,120,134,87,141,83,91,160,86,115,76,90,116,103,110,130,129,135,65,83,153,101
43,2,59,127,65,105,91,79,86,61,99,102,122,125,67,103,92,120,89,97,71,78,90,91,94,77,99,95,104,113,88,100,98,107,98,117,92,98,93,96,107,94,101,118,133,71,92,71,104,108,102,148,95,52,72,101,101,101,66,98,100,97,83,55,130,92
43,3,50,85,59,74,70,41,65,91,67,83,102,82,72,95,80,81,81,75,38,59,56,85,88,120,88,90,113,98,78,90,90,102,105,91,103,80,80,78,78,72,137,100,111,39,57,50,156,115,71,130,98,59,64,69,80,88,57,78,76,66,73,81,105,77
44,1,42,55,28,54,109,32,28,41,64,41,110,61,38,53,38,73,65,65,68,55,58,39,59,56,40,59,91,45,78,42,60,70,143,61,47,56,40,40,67,53,37,70,90,68,86,57,81,60,58,91,39,101,42,50,53,57,45,71,55,53,31,50,64,53
44,2,30,46,72,64,46,38,29,75,60,55,83,41,44,66,58,52,42,59,49,45,47,52,50,59,62,50,67,44,64,60,81,39,51,64,46,61,60,60,93,45,50,74,92,49,60,40,39,52,55,70,44,27,59,73,70,71,47,49,44,49,49,33,46,52
44,3,30,46,72,64,46,38,29,75,60,55,83,41,44,66,58,52,42,59,49,45,47,52,50,59,62,50,67,44,64,60,81,39,51,64,46,61,60,60,93,45,50,74,92,49,60,40,39,52,55,70,44,27,59,73,70,71,47,49,44,49,49,33,46,52
45,1,46,51,76,72,60,98,48,92,90,71,125,58,45,65,69,54,74,48,52,62,37,47,57,91,66,57,62,65,67,54,105,61,63,69,48,63,73,73,65,59,37,75,82,52,54,62,94,62,76,85,58,95,91,58,52,57,65,77,60,66,105,40,87,63
45,2,54,76,116,88,92,95,57,111,87,61,153,90,115,104,112,73,95,71,77,68,55,65,77,95,123,74,88,110,94,67,111,85,82,80,56,97,92,91,92,94,75,125,111,98,114,81,114,85,100,118,71,105,71,96,91,97,100,88,73,110,106,68,96,87
45,3,54,76,111,90,112,74,51,84,73,104,131,94,64,98,115,91,94,68,138,90,51,64,78,94,170,82,120,129,63,79,121,62,93,104,106,109,74,75,99,94,133,117,86,101,125,89,107,108,109,125,56,109,76,99,82,94,91,133,78,117,98,43,113,89
46,1,61,102,120,92,120,128,73,100,88,97,201,76,74,95,108,62,71,73,113,76,101,92,84,101,107,86,82,95,95,69,104,101,111,172,54,74,139,139,111,77,97,111,129,113,122,103,137,75,94,71,124,129,74,100,98,103,102,100,84,153,80,83,69,94
46,2,86,119,157,120,141,94,84,109,122,136,174,96,143,164,172,103,92,86,96,75,118,103,99,129,154,98,97,149,109,144,128,97,130,138,141,120,132,134,136,120,81,145,142,97,109,122,174,129,107,162,102,131,107,148,97,122,84,150,113,128,146,115,85,117
46,3,71,132,125,113,107,103,69,94,92,120,129,105,146,93,134,73,101,68,114,110,104,109,114,96,107,113,99,125,81,85,111,109,113,128,110,95,147,173,128,98,79,95,109,97,113,129,118,104,78,112,90,81,101,95,107,109,109,98,149,125,111,102,109,105
47,1,65,95,171,103,84,79,64,63,74,87,164,75,76,109,109,66,104,74,59,64,77,117,66,102,100,67,104,135,72,75,98,97,85,165,120,78,138,119,103,107,80,74,87,65,77,75,147,88,89,91,89,91,82,120,68,109,105,88,74,116,79,113,81,88
47,2,66,106,125,114,92,94,67,107,81,111,152,111,113,72,93,69,89,103,96,97,102,96,67,104,125,67,103,138,113,82,116,111,146,82,102,107,130,130,90,107,95,115,125,94,109,113,119,113,154,111,75,107,108,96,98,90,70,133,121,128,94,94,100,100
47,3,70,80,67,82,67,61,63,70,57,74,95,77,56,49,55,57,78,66,62,55,51,77,79,73,77,79,63,94,73,61,86,67,71,70,54,74,83,82,66,75,56,69,91,62,68,77,72,88,81,68,58,82,66,60,71,80,51,87,97,95,76,67,80,69
48,1,67,111,92,98,90,102,92,105,73,94,133,82,57,88,92,69,91,73,90,74,74,108,87,85,89,90,90,100,124,76,104,88,83,103,55,68,94,100,86,97,97,91,100,91,109,95,124,86,105,102,64,103,90,105,109,107,114,94,102,129,92,95,62,90
48,2,72,128,128,98,118,133,109,115,94,113,143,105,88,105,120,90,105,85,100,109,97,103,89,121,142,95,115,125,119,101,123,77,116,146,107,111,122,117,122,105,112,113,115,100,82,118,145,111,120,94,91,117,94,128,122,94,143,109,111,117,104,122,97,109
48,3,66,105,133,94,125,105,102,122,87,118,150,85,76,125,127,87,83,92,98,96,77,90,70,125,146,67,109,136,93,98,115,108,102,100,87,130,107,108,122,91,97,115,130,99,111,95,117,92,67,146,77,106,100,130,125,81,127,122,95,139,67,120,80,101
49,1,58,112,107,90,128,82,97,95,83,105,162,85,67,91,94,86,90,82,79,76,89,105,81,125,150,81,94,115,76,78,102,82,71,78,82,103,98,97,92,94,102,98,115,79,91,86,134,95,90,108,65,71,85,97,107,97,68,111,81,105,113,100,88,92
49,2,67,122,122,98,113,125,97,97,72,102,167,95,103,94,98,80,107,67,105,70,107,112,88,86,115,94,81,130,114,91,100,97,103,100,105,115,120,120,128,111,86,113,113,105,127,107,141,87,109,96,76,100,90,111,115,107,138,88,105,110,103,94,100,102
49,3,66,118,143,98,81,115,88,95,96,111,167,95,128,140,140,102,107,89,105,108,122,112,102,128,136,98,92,143,78,106,97,130,111,121,113,130,120,121,140,109,73,105,128,103,123,125,100,111,113,158,102,107,94,122,100,109,90,140,111,84,120,113,109,109
50,1,60,125,109,100,73,120,80,107,90,85,125,94,74,103,104,103,91,90,118,100,85,103,92,120,100,92,72,128,80,82,109,77,76,104,87,107,105,107,109,102,119,97,100,120,150,120,103,99,87,115,91,55,94,111,111,103,77,115,97,98,113,92,102,97
50,2,56,132,103,111,103,105,93,118,73,111,158,88,109,94,100,106,111,66,120,77,109,103,93,91,86,97,91,118,107,83,109,91,103,128,62,118,109,113,130,92,86,112,113,118,98,113,146,96,113,72,85,67,100,113,115,103,102,94,95,116,118,83,84,99
50,3,52,119,100,106,97,76,67,88,106,107,122,71,103,125,121,80,104,52,82,67,137,90,99,112,98,97,78,115,97,74,113,86,120,116,94,96,105,100,144,92,52,107,102,74,130,100,93,107,116,165,69,119,102,96,98,100,140,84,108,67,129,103,89,95
51,1,54,124,78,119,76,130,125,136,58,98,167,78,65,94,112,73,108,70,98,118,136,118,98,105,72,100,95,140,111,71,103,92,118,153,59,112,97,97,119,95,92,130,150,117,146,102,98,96,113,121,77,105,103,85,120,97,135,113,82,165,88,70,90,99
51,2,71,133,113,118,116,128,100,86,62,120,167,107,93,103,107,102,111,82,100,88,118,111,95,117,120,97,103,145,124,95,96,109,140,94,103,139,113,113,125,122,88,115,125,98,88,103,128,113,128,107,97,87,113,125,120,105,144,92,104,108,114,66,88,106
51,3,73,100,107,128,83,88,111,86,111,111,140,91,67,136,133,103,105,80,109,87,142,109,98,127,102,97,97,108,130,82,104,88,133,116,92,130,115,115,140,118,58,93,113,90,118,77,155,113,111,165,107,101,101,79,100,81,154,94,107,91,123,153,90,103
52,1,55,107,82,111,60,109,100,130,66,126,154,81,56,102,107,78,120,80,89,85,96,107,90,130,120,91,107,102,78,67,94,94,99,102,71,97,82,94,113,105,104,126,111,109,107,96,79,93,109,123,92,93,99,85,107,95,172,92,76,92,103,54,74,93
52,2,65,101,98,92,97,90,87,100,81,100,136,92,112,103,107,88,92,76,84,92,86,105,71,88,80,75,102,103,98,75,91,80,113,90,74,91,88,78,115,90,75,88,98,82,82,83,130,70,102,79,80,87,85,91,87,91,111,71,83,92,105,68,73,89
52,3,48,77,72,83,69,67,75,91,92,88,103,57,112,114,109,45,83,65,73,75,72,80,66,72,77,65,71,78,73,67,107,59,85,62,53,68,85,85,86,75,40,73,80,60,69,54,132,62,75,111,50,92,79,59,60,71,93,61,96,62,119,52,58,72
53,1,48,90,57,81,52,72,68,98,66,74,92,62,60,88,94,126,102,88,43,57,98,81,72,69,56,73,81,59,56,52,121,86,140,68,71,80,69,67,77,72,54,80,70,51,57,63,118,81,76,91,51,63,77,69,77,79,80,61,87,65,89,68,77,72
53,2,67,86,92,115,63,101,101,126,96,99,143,108,99,114,120,102,127,99,86,94,108,98,104,96,69,103,112,99,89,81,119,108,139,70,87,97,111,112,105,114,62,136,91,85,109,95,125,75,105,133,73,107,96,94,88,87,175,111,82,140,128,95,116,99
53,3,57,84,82,86,62,73,56,83,54,122,87,76,52,76,76,62,94,68,70,92,84,79,67,77,72,68,64,93,56,62,94,46,134,63,48,92,69,70,75,69,41,76,63,71,90,78,81,65,97,71,59,93,102,61,60,60,90,62,77,123,77,58,99,72
54,1,58,125,123,105,86,113,77,90,122,105,136,81,74,97,100,90,111,78,126,104,121,118,85,102,108,86,102,118,96,73,102,104,122,139,100,88,109,109,113,98,64,110,115,128,109,96,136,83,105,93,74,108,96,91,92,95,154,89,91,129,117,103,76,100
54,2,57,105,136,102,75,111,111,115,119,111,158,99,134,120,130,102,123,77,84,89,140,95,102,105,146,103,86,136,84,111,109,103,181,104,121,97,120,123,111,118,71,89,95,83,105,94,135,110,97,173,106,131,99,125,93,103,115,119,97,121,127,126,77,107
54,3,47,66,92,86,60,85,92,83,141,112,118,67,99,85,93,89,95,98,65,118,99,113,90,110,102,88,83,104,81,59,87,88,165,64,88,97,113,93,96,87,73,90,92,65,82,78,137,88,70,105,75,78,76,95,82,79,98,93,70,86,122,108,96,88
55,1,59,55,102,118,76,84,80,81,70,92,113,77,72,103,109,95,109,77,62,117,103,83,93,105,113,94,114,119,81,67,140,73,160,137,117,95,96,115,109,81,68,123,61,65,79,81,107,93,92,102,100,89,76,92,84,85,125,95,87,94,112,102,94,91
55,2,56,73,124,97,63,86,60,122,79,103,176,115,112,102,125,89,92,86,69,93,96,107,76,126,97,77,90,85,113,73,162,80,193,125,72,191,85,86,56,88,76,107,63,73,84,63,110,109,79,105,72,88,116,108,59,77,118,123,107,97,99,97,91,91
55,3,50,69,135,113,60,83,48,106,49,90,118,67,71,63,67,72,99,57,50,86,80,92,75,108,152,76,64,44,82,59,111,68,171,65,66,139,69,69,56,94,90,65,53,45,70,65,58,83,82,111,59,41,60,67,60,61,75,77,85,115,139,71,117,73
56,1,68,86,81,97,96,86,84,102,91,88,158,72,67,93,98,76,94,65,83,87,109,129,83,92,88,86,88,61,111,89,115,94,87,109,62,105,89,88,68,97,72,91,81,87,82,90,111,73,103,107,80,100,93,104,97,94,127,92,102,128,87,66,63,89
56,2,65,105,125,107,119,130,112,123,99,120,146,94,103,109,122,100,100,85,107,101,125,105,97,126,149,98,105,98,121,99,138,94,114,136,111,111,125,124,100,119,109,113,103,102,113,102,109,102,118,103,92,102,97,127,122,114,119,105,122,111,114,112,102,110
56,3,63,82,125,115,121,122,92,117,97,115,130,97,120,103,111,109,85,88,64,102,126,113,85,145,154,85,103,98,120,94,160,102,139,143,111,105,106,108,98,99,105,136,102,67,86,86,111,99,91,154,98,117,94,131,126,127,194,109,102,123,89,102,105,106
57,1,52,74,122,102,106,88,78,86,79,103,112,73,72,75,86,100,83,77,72,98,94,96,66,117,86,67,64,74,97,87,105,80,78,101,70,91,108,107,86,74,70,118,98,72,72,70,94,86,83,143,61,92,95,76,80,84,120,93,78,86,73,70,90,85
57,2,61,112,128,95,76,122,64,90,100,86,150,94,102,96,98,103,102,75,97,76,177,105,81,84,73,80,122,107,101,82,105,125,88,108,78,82,110,111,107,113,71,103,103,94,105,102,139,68,107,105,85,53,91,103,119,94,153,92,64,95,101,88,65,94
57,3,60,110,133,88,95,78,104,87,102,126,199,80,144,112,119,103,82,77,93,65,135,88,85,99,122,88,76,98,74,102,129,103,146,106,103,79,81,80,76,88,72,103,92,95,88,87,114,107,77,89,102,69,118,127,116,76,181,112,103,77,122,149,56,96
58,1,61,87,98,89,84,88,55,111,84,106,98,68,75,92,110,97,92,95,77,80,67,65,86,143,93,87,81,95,113,60,104,91,116,58,118,148,68,69,86,97,89,104,82,77,82,79,89,94,95,153,51,52,85,75,89,75,137,84,70,75,64,72,79,84
58,2,59,99,95,92,100,121,67,113,70,86,202,86,128,95,98,81,82,61,60,69,96,111,73,72,72,75,100,106,74,67,97,87,88,88,100,114,91,92,81,103,59,94,72,61,68,90,97,73,91,64,79,88,95,92,104,79,118,74,60,88,86,39,68,83
58,3,34,85,64,73,74,118,71,121,63,78,143,61,163,80,79,77,85,74,56,79,72,82,65,107,89,64,83,124,84,78,97,62,71,98,76,116,62,62,49,72,41,80,54,66,59,68,79,54,81,87,74,81,101,68,69,57,120,45,85,60,116,56,86,74
59,1,58,75,60,84,83,109,62,51,77,96,122,86,91,74,71,91,78,85,90,66,55,91,81,100,105,82,67,73,102,59,125,57,61,63,63,98,69,70,63,98,80,74,77,72,105,60,72,66,77,105,64,112,97,69,89,77,107,65,107,94,87,58,145,78
59,2,41,76,121,86,103,87,57,71,70,94,130,102,77,65,65,71,88,68,63,83,82,105,69,71,66,70,67,86,75,66,122,77,90,74,102,78,74,74,55,120,68,75,70,64,103,59,57,88,140,92,87,130,90,78,85,92,64,81,79,99,72,48,121,79
59,3,48,56,81,77,58,50,92,97,62,109,136,78,98,56,57,64,83,75,82,60,47,77,65,55,107,65,75,100,71,54,124,85,95,61,68,78,101,101,57,97,105,95,59,82,72,78,53,74,120,103,91,144,76,78,79,80,84,65,97,87,76,52,109,76
60,1,47,73,85,80,69,91,80,113,69,78,87,64,53,72,84,49,65,71,85,65,73,103,58,95,74,59,79,71,55,42,129,90,83,118,59,65,102,102,64,80,72,76,71,85,82,62,78,60,92,102,67,165,79,95,92,95,109,78,92,85,67,75,92,76
60,2,43,74,109,76,76,109,57,74,81,116,92,69,88,100,98,56,74,73,55,84,50,91,75,76,84,75,61,43,62,65,84,75,74,89,59,59,98,98,64,73,55,59,61,56,59,59,62,49,71,65,59,162,68,80,72,72,129,58,55,66,70,40,68,70
60,3,41,58,102,57,60,64,80,82,88,134,57,53,53,115,131,70,45,62,50,60,75,78,59,92,61,59,59,95,81,85,112,67,92,105,42,56,98,98,48,75,47,51,57,50,49,59,77,39,67,83,78,169,62,66,53,50,137,48,58,63,47,29,52,64
61,1,57,75,175,120,84,162,136,130,108,136,117,100,82,150,130,104,154,102,133,94,118,113,77,122,107,78,129,167,118,89,127,130,118,171,79,128,116,115,102,97,103,128,97,130,125,115,184,64,130,154,82,199,154,102,95,100,131,100,105,154,71,73,133,111
61,2,69,102,189,112,102,132,93,76,122,137,145,138,80,122,123,102,140,78,118,118,86,118,102,120,109,102,108,111,120,108,128,111,111,167,138,146,109,109,103,113,120,130,115,120,127,102,164,96,130,133,111,158,88,105,95,102,142,87,122,128,124,52,123,112
61,3,78,79,172,98,102,175,106,103,117,126,165,144,100,150,161,99,154,90,182,111,98,127,104,133,135,103,105,120,140,120,125,105,122,168,126,136,127,116,119,103,102,125,118,176,160,102,219,89,122,118,88,179,88,104,129,107,131,102,129,130,133,47,146,117
62,1,74,108,135,143,106,132,104,138,108,139,138,163,118,176,140,152,139,129,154,123,172,131,100,115,125,100,150,103,166,102,136,122,146,132,97,120,103,112,140,122,118,130,122,154,176,128,170,99,146,146,110,169,183,124,152,125,150,105,120,182,114,80,175,128
62,2,81,118,165,123,86,119,75,91,113,143,154,154,126,136,167,128,151,79,102,117,185,132,105,126,103,109,119,138,140,121,125,130,130,128,109,111,129,130,109,131,123,108,122,103,122,109,163,100,128,146,83,177,98,121,107,100,156,117,120,165,119,92,138,119
62,3,75,102,196,136,109,150,102,132,137,150,146,136,132,158,162,136,179,86,104,114,142,141,100,130,157,100,129,156,154,126,136,143,140,182,128,136,122,123,136,115,117,138,115,102,111,133,199,106,133,171,105,186,169,103,133,104,148,130,132,168,139,57,146,128
63,1,73,132,167,158,122,210,158,148,130,163,158,182,101,176,178,182,168,125,206,126,211,134,107,143,180,107,182,162,176,120,150,146,143,162,140,167,142,137,158,120,118,146,118,214,176,158,171,109,140,176,122,185,198,122,151,110,146,135,121,187,152,107,186,147
63,2,72,147,202,122,122,130,116,100,143,162,182,188,89,136,133,125,154,97,141,140,102,122,115,125,101,118,140,142,158,139,133,118,133,140,158,170,121,121,125,117,120,143,147,136,167,118,206,113,150,176,136,172,98,135,133,103,158,128,129,163,139,83,179,132
63,3,91,110,153,118,112,176,130,107,111,168,173,154,112,165,157,128,158,103,231,121,114,131,103,129,158,103,130,149,167,140,133,111,133,173,146,131,127,129,160,115,104,130,133,258,193,120,152,111,146,125,87,184,100,108,131,107,185,120,143,145,133,72,174,131
64,1,81,130,140,136,103,103,77,109,120,137,132,149,112,173,178,154,157,110,152,146,164,127,88,119,132,88,136,141,167,131,122,131,170,170,99,128,151,150,152,107,124,124,146,144,150,144,241,92,130,182,105,173,164,108,142,112,148,112,146,162,126,86,162,130
64,2,86,112,158,113,88,150,78,99,127,149,176,154,115,143,150,143,159,87,118,128,166,140,120,134,121,123,158,159,161,134,145,127,156,113,122,98,125,117,128,122,120,137,128,120,136,106,213,89,143,150,122,175,109,109,120,109,175,137,122,181,122,95,189,128
64,3,83,111,188,148,122,167,96,131,134,159,140,158,159,187,194,161,181,92,129,141,222,143,91,137,139,95,143,172,177,139,147,128,156,165,133,122,149,160,158,113,125,143,137,130,111,154,210,113,130,171,97,181,160,105,136,109,173,139,131,184,153,74,186,138
65,1,86,122,194,156,128,194,154,150,138,168,167,200,119,188,181,189,176,122,185,146,240,161,112,141,162,107,176,176,189,140,137,167,158,224,150,154,145,151,176,125,120,145,126,182,187,143,188,112,150,188,113,199,201,122,171,121,158,150,158,187,169,120,192,154
65,2,80,136,210,130,115,133,127,99,138,122,167,176,140,128,130,133,162,92,125,119,188,136,113,136,113,115,146,146,167,141,136,140,150,140,158,167,142,139,128,118,125,129,140,122,128,130,191,107,146,167,118,163,115,136,158,119,162,133,128,171,148,118,172,136
65,3,87,146,197,150,126,128,158,127,133,173,182,179,171,167,182,154,162,94,153,130,197,145,105,143,154,107,161,186,182,160,145,136,154,191,164,182,142,138,171,125,130,143,140,162,160,140,226,120,157,171,133,182,162,136,157,124,146,155,136,174,155,130,186,150
66,1,80,147,176,158,138,194,154,150,145,170,154,203,101,158,153,188,194,130,214,143,232,138,103,134,141,103,163,159,182,137,131,154,154,218,165,171,134,135,176,122,122,136,143,207,204,150,163,111,159,200,125,195,188,125,170,134,187,161,130,190,163,140,185,153
66,2,73,137,188,136,125,143,143,102,141,146,200,200,159,136,130,143,167,102,116,122,189,128,105,127,132,105,194,150,146,143,130,135,150,140,162,158,127,133,143,130,130,143,140,115,182,130,191,114,154,171,122,188,120,122,156,113,150,145,122,162,154,115,157,139
66,3,66,132,176,136,118,107,160,130,150,169,154,201,167,176,160,161,173,92,177,119,210,135,106,118,102,107,162,130,100,146,133,121,160,160,151,165,140,137,171,109,127,120,135,177,171,133,188,103,150,163,140,185,158,125,154,111,158,127,113,158,148,113,183,139
67,1,58,143,154,156,136,167,156,146,142,146,143,206,111,154,136,181,204,128,199,121,211,129,95,105,111,95,154,176,159,126,122,123,141,226,124,155,118,115,171,108,128,120,123,199,207,146,164,111,154,214,128,185,150,115,162,116,171,148,111,162,147,109,186,141
67,2,70,115,150,108,112,120,133,107,137,129,150,176,143,130,135,140,156,105,170,115,198,125,88,120,94,90,150,136,140,129,122,129,136,143,107,153,94,93,139,116,130,103,150,167,167,120,174,103,133,167,133,174,118,115,130,102,158,128,111,143,117,91,162,127
67,3,65,111,133,133,98,120,120,133,120,109,125,176,154,143,137,140,169,92,134,104,186,142,86,120,99,86,149,158,140,115,120,109,147,128,143,131,94,95,164,103,120,115,122,136,143,120,148,98,133,188,127,160,131,105,136,107,150,133,119,161,122,81,176,124
68,1,50,83,80,107,88,102,98,136,91,90,125,136,69,85,93,105,158,100,102,78,104,118,66,77,64,67,121,128,115,78,97,83,122,122,80,97,135,133,128,81,87,81,95,103,105,100,95,71,105,133,88,188,119,75,102,87,147,85,104,162,99,51,158,97
68,2,47,88,69,87,77,77,67,88,83,76,118,80,59,88,85,92,94,51,78,60,81,121,71,74,53,72,102,94,87,66,77,52,100,109,64,59,75,76,101,70,63,77,83,78,82,72,114,54,80,128,94,128,91,73,70,70,85,73,86,112,90,49,109,78
68,3,47,68,83,82,81,84,101,94,80,98,111,126,95,140,142,105,121,58,89,68,121,89,74,79,75,74,85,157,136,103,76,51,123,226,64,127,121,118,113,72,62,66,77,90,90,73,106,49,83,120,76,157,95,88,168,59,170,97,85,146,80,38,138,89
69,1,57,109,119,154,98,161,111,130,133,133,133,138,92,161,159,162,175,107,173,117,172,82,94,99,108,94,124,185,167,91,105,121,141,152,91,124,120,121,159,102,98,138,107,171,182,122,160,93,136,182,111,184,187,91,117,98,131,140,95,169,118,105,145,124
69,2,71,122,199,140,105,122,96,95,118,140,167,181,90,125,125,122,153,81,149,106,126,88,111,122,95,115,148,146,143,122,123,111,101,150,149,159,119,120,127,120,118,130,133,149,133,102,160,113,145,158,130,167,97,127,100,111,146,111,120,132,137,78,193,123
69,3,82,103,178,108,104,183,133,109,140,133,163,172,141,171,158,122,172,89,226,132,127,107,103,132,138,102,157,162,167,144,135,100,127,190,140,132,141,123,162,122,99,128,137,220,192,111,183,102,138,137,86,213,104,108,150,111,182,117,131,154,158,80,167,132
70,1,81,113,158,164,113,127,114,147,146,147,153,187,103,167,171,188,150,129,154,112,193,135,94,138,118,95,175,122,191,117,125,130,147,146,102,104,109,117,158,125,124,136,149,152,172,150,203,103,143,188,130,174,176,110,168,128,136,128,130,207,122,128,185,137
70,2,81,131,196,120,98,122,93,98,134,159,167,160,125,143,143,146,143,75,116,163,165,131,111,131,121,113,178,150,141,130,133,130,140,141,140,144,119,125,131,122,130,118,133,120,130,115,187,108,146,157,136,185,110,103,121,98,217,134,135,154,144,121,181,131
70,3,83,118,191,162,118,133,120,132,158,156,143,185,90,176,182,173,184,91,130,126,212,97,95,138,161,95,137,167,172,143,133,148,158,203,155,175,152,148,169,142,122,150,136,128,122,136,209,113,130,194,109,194,152,97,130,109,155,155,137,178,145,86,181,139
71,1,82,154,171,188,127,207,162,151,148,159,143,207,98,176,162,212,180,125,223,138,222,147,102,154,165,102,200,187,222,125,128,141,158,171,167,157,145,146,189,138,122,150,140,231,207,158,160,109,143,222,130,204,203,102,164,124,160,155,136,199,158,136,184,154
71,2,79,158,182,136,125,146,117,100,157,182,150,194,105,136,158,136,161,95,163,137,132,139,115,141,114,118,167,158,164,145,120,136,120,143,165,176,149,152,150,133,130,140,150,164,179,122,192,111,150,171,143,172,102,120,135,110,186,133,138,162,160,109,172,140
71,3,90,131,170,113,113,162,126,121,141,152,120,185,132,162,214,135,160,110,258,139,161,127,113,143,150,113,152,166,181,151,135,120,128,180,158,134,145,144,187,107,115,133,146,240,216,125,224,95,146,124,98,208,100,100,138,110,199,128,145,154,140,87,165,139
72,1,83,140,137,146,117,105,88,126,138,133,119,159,96,182,140,178,149,108,178,143,160,148,102,129,135,102,135,155,204,131,126,125,171,128,109,122,167,157,151,118,109,128,143,179,155,143,175,100,140,172,113,169,164,107,133,116,156,146,151,143,127,133,166,135
72,2,87,132,150,120,94,143,83,96,131,148,191,182,128,158,176,146,158,82,166,136,182,141,109,136,124,111,180,161,197,134,143,122,154,194,143,115,138,144,154,128,128,146,127,171,158,118,213,96,143,159,136,181,125,98,118,107,176,138,146,200,127,142,168,137
72,3,87,154,194,162,122,140,102,131,152,165,145,171,152,193,201,187,194,105,157,144,246,128,89,134,138,90,199,189,191,144,150,130,175,160,167,115,153,157,191,130,113,146,139,154,136,146,203,110,143,176,113,199,167,90,130,110,196,156,131,198,154,104,194,145
73,1,86,154,200,188,136,207,143,150,153,169,150,222,126,182,193,194,192,118,213,156,218,159,106,153,171,107,174,188,220,139,146,159,172,219,171,163,146,141,185,140,128,146,141,222,200,150,207,118,158,222,125,199,192,120,151,145,180,169,155,190,168,158,212,161
73,2,80,149,188,147,131,154,133,107,133,158,171,188,154,146,140,158,175,90,165,130,194,143,113,140,124,113,194,143,182,140,136,140,162,151,162,181,164,140,154,133,125,140,158,161,167,136,173,113,146,169,130,184,121,140,161,120,171,146,143,161,162,133,177,146
73,3,88,149,182,162,130,148,162,130,149,171,165,182,154,182,190,166,171,94,188,130,207,143,111,152,143,113,154,185,146,173,145,133,167,175,164,174,128,150,186,140,128,154,146,199,200,140,233,125,181,185,158,181,175,147,167,139,189,151,146,190,147,140,183,155
74,1,71,124,140,163,143,138,137,154,146,146,146,194,95,118,124,168,184,115,230,130,240,120,94,116,114,94,150,151,158,124,110,140,154,156,126,156,146,146,211,100,102,120,130,207,211,125,183,98,154,166,113,199,166,124,143,128,161,157,144,162,132,133,166,139
74,2,68,125,154,139,128,130,92,113,108,161,95,171,128,150,153,147,188,97,177,156,202,137,102,113,116,103,185,170,140,146,127,98,179,122,158,184,139,140,195,134,118,136,122,199,186,122,251,86,154,154,146,164,116,128,120,102,171,134,153,122,127,125,150,135
74,3,56,94,140,130,129,105,111,105,158,151,133,158,115,146,155,136,177,96,160,119,183,95,102,145,80,102,121,172,158,143,106,116,126,112,120,145,108,109,185,134,105,111,143,161,212,130,179,114,113,162,97,132,157,104,130,113,136,156,128,109,157,94,159,127
75,1,64,98,113,176,129,125,143,137,143,143,143,214,90,143,128,167,167,119,204,140,188,115,98,114,79,100,150,147,167,130,115,130,154,117,158,150,130,130,200,112,122,118,154,194,214,122,171,113,140,231,98,167,177,117,175,140,133,178,130,130,111,125,185,136
75,2,69,131,140,128,103,146,132,133,130,176,113,194,165,162,136,154,177,107,167,151,148,122,105,99,118,105,154,168,140,136,90,125,145,136,150,180,147,150,162,126,125,122,138,166,201,113,219,100,158,176,140,165,111,143,144,113,140,140,155,118,143,120,194,137
75,3,51,98,111,154,114,84,120,92,159,117,124,171,123,140,143,143,175,106,174,101,142,76,94,110,85,95,122,192,143,116,79,113,106,125,109,116,135,131,154,124,92,95,143,155,199,105,173,113,90,143,111,136,146,97,128,94,140,147,122,103,136,92,191,119
76,1,56,91,98,154,121,124,112,130,149,109,141,150,91,109,100,130,156,105,116,108,148,99,88,111,94,88,136,158,162,90,67,100,95,133,103,97,164,162,188,96,107,97,137,125,133,102,95,90,124,187,109,169,140,82,120,90,92,113,100,113,104,107,192,113
76,2,47,86,90,100,94,93,127,78,159,98,125,171,105,120,92,118,126,65,83,74,139,112,91,83,78,94,102,146,147,95,82,85,103,114,78,85,130,128,174,80,90,78,120,83,118,91,124,59,104,176,94,149,77,91,81,73,111,112,86,95,112,100,197,99
76,3,41,80,84,94,101,49,119,77,149,83,70,118,77,118,140,141,147,52,85,127,115,68,83,81,64,82,102,164,153,84,58,52,98,170,71,75,130,133,203,66,84,61,102,86,83,79,108,62,69,155,111,165,94,53,56,59,81,158,69,77,82,55,199,87
77,1,52,117,116,160,102,154,159,121,174,106,130,142,86,171,168,179,176,109,124,124,181,100,98,110,131,100,171,178,188,104,102,118,133,149,78,128,126,125,187,111,109,122,136,128,122,109,176,88,125,218,140,165,154,94,97,96,115,165,114,143,136,144,181,127
77,2,69,149,191,129,107,120,111,79,129,149,171,195,111,136,128,146,170,79,125,121,104,109,117,121,98,115,158,159,158,125,136,130,88,141,140,166,120,122,162,125,120,130,143,125,142,98,177,109,162,174,143,184,86,113,92,92,146,131,122,130,148,100,187,126
77,3,78,127,159,122,114,161,126,106,169,131,151,161,144,200,170,136,184,105,181,136,133,101,105,136,133,107,125,167,171,143,133,106,118,169,136,140,137,143,207,132,113,134,143,183,195,122,206,102,128,154,107,210,108,125,103,109,146,134,142,134,169,94,200,136
78,1,81,151,120,132,115,129,118,137,169,158,191,200,98,171,189,188,143,123,171,166,215,141,99,134,125,98,143,133,204,120,115,146,146,145,102,140,120,114,171,129,133,133,140,171,167,140,193,97,178,204,142,171,205,134,151,126,154,148,120,219,127,160,190,142
78,2,85,156,165,114,100,128,118,93,148,149,159,210,125,150,154,154,158,80,139,133,168,134,113,131,129,115,136,168,156,130,137,128,138,146,140,113,144,146,167,136,125,118,135,140,123,124,184,114,129,179,143,187,95,115,111,103,152,135,142,144,142,144,187,134
78,3,80,139,190,158,134,125,134,130,177,164,136,178,128,171,176,188,186,94,147,121,211,129,100,141,161,102,136,124,194,131,145,146,154,183,158,146,150,147,203,138,120,142,152,143,142,152,219,107,146,184,150,199,176,127,128,107,152,169,147,173,167,128,189,146
79,1,75,166,154,171,135,200,166,148,168,161,154,209,108,187,182,214,183,130,202,135,215,134,105,151,175,105,194,167,194,122,140,143,162,192,167,176,150,152,219,138,125,151,150,222,214,159,157,113,136,231,162,185,181,128,150,113,158,171,125,198,169,158,186,157
79,2,81,168,187,140,122,137,122,106,178,176,167,176,110,146,158,130,157,95,173,135,123,125,120,140,113,122,130,162,162,139,120,128,120,140,162,169,161,160,158,136,130,134,143,169,189,133,206,109,151,187,144,185,85,133,125,99,158,140,133,158,159,107,200,139
79,3,91,146,171,108,117,167,129,114,158,165,135,195,134,176,231,129,158,110,223,130,133,134,104,142,144,102,143,164,188,151,133,105,130,164,157,135,149,151,228,121,128,148,154,197,205,131,168,95,125,159,117,213,100,117,135,97,184,140,146,162,165,90,201,141
80,1,83,155,140,152,123,103,90,118,136,139,135,157,96,182,150,164,151,112,168,147,181,152,92,133,132,94,182,152,200,120,120,128,167,161,108,133,168,159,168,148,115,129,154,182,188,144,231,92,162,181,116,174,146,123,134,117,165,156,158,158,137,141,180,139
80,2,87,154,162,111,105,160,101,100,166,154,136,175,82,162,190,199,158,88,143,145,157,147,120,136,129,122,136,161,196,174,141,115,150,133,138,100,142,148,167,125,128,146,125,146,162,135,219,112,154,166,160,174,107,135,109,95,168,138,140,189,138,136,182,138
80,3,87,168,194,167,143,152,142,143,168,165,130,185,142,200,191,178,194,94,108,158,234,139,97,135,142,98,239,207,188,141,148,113,174,147,164,113,153,153,193,136,120,143,147,111,128,154,206,111,146,231,130,196,172,114,120,112,176,163,143,223,177,111,215,148
81,1,86,164,207,176,147,194,189,146,171,179,146,221,128,194,182,194,190,122,190,151,228,163,113,143,167,113,231,183,245,141,143,149,179,219,183,171,147,148,231,146,122,143,157,171,214,154,185,111,158,231,150,199,172,116,146,131,171,177,159,186,170,162,210,164
81,2,81,161,204,154,115,150,158,113,162,135,162,200,162,140,154,167,175,95,126,133,195,146,107,133,122,107,162,140,176,148,140,140,162,144,133,176,149,154,150,122,125,125,141,130,136,146,185,111,150,182,150,199,125,139,151,119,171,156,146,181,162,109,206,144
81,3,87,157,207,164,136,130,185,128,167,187,170,186,154,171,195,176,167,86,158,133,199,143,113,149,162,115,167,205,194,160,154,140,176,189,185,189,154,157,194,140,133,168,152,151,176,154,231,120,154,183,185,199,125,155,164,133,171,171,143,167,153,146,206,158
82,1,79,154,197,170,171,190,156,159,154,183,137,208,122,187,186,207,203,126,227,153,235,133,107,140,144,107,250,183,194,138,136,150,171,192,179,186,154,147,222,136,122,136,158,228,222,150,162,111,154,248,145,229,200,133,156,133,182,156,140,194,167,167,195,162
82,2,71,155,194,143,125,114,158,109,162,167,167,194,155,133,146,162,176,107,112,137,174,143,109,133,130,109,146,146,150,133,136,150,162,146,176,176,136,136,162,140,128,143,146,115,207,140,188,115,150,173,162,199,105,130,154,120,162,146,136,150,145,100,199,143
82,3,66,152,188,136,113,86,186,136,158,176,150,192,154,182,189,158,191,87,162,139,196,135,110,120,107,109,176,157,113,124,141,143,182,194,193,158,109,111,226,113,120,128,167,164,200,140,168,109,154,188,171,176,145,122,140,107,158,142,130,154,145,125,199,143
83,1,60,133,154,158,143,140,189,150,158,171,130,189,113,182,170,188,186,120,216,127,191,129,98,125,105,100,150,173,181,118,130,140,171,146,154,171,101,100,219,115,122,118,150,205,239,133,156,113,154,227,162,225,163,98,130,118,182,158,109,158,142,125,185,144
83,2,70,136,150,143,100,111,177,109,133,176,103,201,151,143,167,150,195,88,177,118,174,130,103,97,91,103,154,169,148,109,122,115,179,152,142,150,115,116,200,136,122,130,140,171,180,125,138,97,128,207,176,188,102,118,128,88,167,146,87,150,108,103,201,132
83,3,67,138,102,168,130,122,171,156,143,150,130,187,136,154,150,146,187,106,151,111,195,140,85,125,109,86,199,127,170,122,102,111,173,148,164,125,140,141,182,122,118,106,153,154,173,120,167,97,118,213,158,187,136,87,118,111,182,140,122,161,120,92,185,134
84,1,53,105,66,115,101,80,128,119,105,102,107,158,80,105,115,113,167,91,106,84,104,116,71,79,68,72,143,109,118,88,95,81,188,103,91,91,150,162,154,87,78,83,114,109,122,102,86,59,103,161,125,197,90,70,81,97,107,92,98,147,102,69,170,100
84,2,39,92,78,90,96,75,115,103,80,93,84,118,85,123,125,106,132,58,81,60,88,85,66,81,70,66,129,78,123,86,81,39,130,130,78,79,104,101,152,64,54,89,112,82,80,75,81,43,65,140,107,178,59,70,74,65,112,78,75,121,94,48,138,83
84,3,39,92,78,90,96,75,115,103,80,93,84,118,85,123,125,106,132,58,81,60,88,85,66,81,70,66,129,78,123,86,81,39,130,130,78,79,104,101,152,64,54,89,112,82,80,75,81,43,65,140,107,178,59,70,74,65,112,78,75,121,94,48,138,83
85,1,49,113,122,158,105,176,133,133,150,111,130,150,83,184,178,200,182,101,188,121,188,79,94,103,90,92,105,175,193,94,112,124,140,162,100,122,128,125,222,98,107,134,142,194,215,120,143,67,136,207,102,204,140,70,91,86,124,146,100,171,130,167,159,125
85,2,65,163,192,130,113,126,128,86,158,138,162,180,97,128,140,140,155,80,153,123,118,75,111,98,90,115,130,140,158,123,125,109,98,143,98,160,138,141,162,122,122,125,153,146,181,109,170,111,146,182,150,211,88,113,140,82,144,136,122,133,144,112,174,127
85,3,78,151,172,110,115,169,122,102,168,147,162,179,152,171,165,133,175,93,233,133,121,101,103,119,140,103,143,163,171,148,114,86,127,194,158,145,138,137,214,111,109,136,154,222,231,115,178,100,140,166,113,215,97,78,143,112,168,131,133,143,159,95,178,135
86,1,79,167,140,141,134,116,117,135,165,130,167,194,112,207,235,214,158,129,183,146,220,133,105,135,125,105,200,118,207,113,104,147,146,136,101,150,127,127,174,130,113,131,150,187,194,147,184,98,136,249,162,199,166,85,161,134,146,144,134,197,130,174,187,144
86,2,78,167,162,120,100,133,105,90,162,151,146,189,136,158,172,162,154,81,148,146,166,118,117,126,122,118,136,144,162,149,126,128,150,162,140,162,142,151,174,113,125,130,168,154,143,130,181,101,142,173,154,199,98,117,136,98,154,137,130,163,137,154,187,137
86,3,82,162,195,162,152,167,146,126,167,166,128,192,134,171,187,207,186,92,146,132,214,113,107,152,173,107,240,180,200,138,128,144,169,194,161,211,150,148,222,107,122,150,155,143,158,154,197,109,147,214,158,196,164,83,147,113,171,155,141,186,150,111,195,150
87,1,76,176,176,187,156,202,143,148,162,162,150,214,88,200,200,214,187,118,244,148,222,128,108,155,172,111,222,200,231,137,122,148,180,185,172,179,153,152,222,115,125,146,145,240,273,171,175,107,146,240,188,196,185,92,172,122,130,159,120,197,158,171,178,159
87,2,71,187,184,140,143,142,150,92,176,157,176,199,77,143,171,140,167,92,167,145,136,130,120,114,113,118,182,133,176,139,135,141,140,144,167,188,168,167,188,136,130,136,167,170,215,128,187,99,162,200,170,188,101,115,143,97,194,143,133,158,154,115,201,143
87,3,91,175,145,125,128,154,128,117,174,164,155,172,116,182,171,122,168,105,216,138,128,109,103,128,160,105,171,154,182,149,148,112,150,164,167,140,157,155,190,107,113,150,166,233,249,133,213,97,148,165,131,175,105,90,150,87,173,126,161,143,137,91,187,140
88,1,89,155,176,140,128,105,102,115,147,133,142,167,96,182,200,172,154,109,184,148,157,172,99,137,128,100,154,136,207,152,130,143,188,157,111,130,169,160,192,109,115,120,162,171,200,144,185,92,136,209,150,171,159,97,134,116,175,134,147,130,135,147,185,141
88,2,82,159,102,109,99,148,85,98,164,154,136,188,151,167,188,171,162,90,160,144,163,131,128,118,134,128,197,95,208,142,150,118,171,162,125,109,152,161,192,122,128,150,154,161,176,122,199,105,152,140,167,186,115,100,115,96,171,122,134,251,128,143,192,138
88,3,81,192,167,154,152,152,159,144,179,172,139,181,162,207,231,188,186,97,122,161,179,124,102,134,140,102,203,196,215,145,150,115,194,165,154,130,163,164,222,102,120,150,158,123,158,153,201,86,141,222,130,197,180,95,154,100,187,101,152,193,138,91,213,147
89,1,87,174,188,188,165,214,183,157,157,172,151,231,113,207,194,240,192,122,183,135,278,154,113,175,163,115,251,180,228,148,146,158,199,233,171,194,162,158,240,115,125,146,158,182,240,151,178,67,158,240,128,228,180,102,134,116,176,157,155,194,197,161,200,162
89,2,85,169,176,150,154,158,181,105,171,160,167,194,171,143,158,150,170,90,120,140,176,141,105,128,120,105,199,115,176,146,146,118,162,140,130,186,154,162,154,125,128,140,162,122,143,146,180,94,146,207,158,189,118,131,165,123,171,150,154,162,167,95,191,144
89,3,92,158,179,158,180,176,215,130,167,199,167,188,167,194,194,162,172,89,166,126,208,142,109,146,154,111,167,195,194,150,152,133,176,194,168,188,167,159,200,120,128,146,163,158,184,152,233,105,154,182,188,207,172,118,154,115,176,146,147,167,180,140,172,157
90,1,76,167,160,176,193,222,188,158,160,162,146,231,115,171,182,214,194,123,217,142,205,140,97,153,146,95,250,192,200,124,140,154,200,188,192,194,150,150,250,122,122,126,170,231,295,156,165,92,167,231,162,191,181,111,148,113,206,154,127,188,156,162,199,160
90,2,71,144,133,143,135,128,194,108,138,183,162,194,154,176,176,120,173,102,139,103,144,120,87,135,146,90,171,118,140,114,126,115,176,141,162,171,133,134,158,118,120,113,158,136,162,140,221,97,146,194,130,136,130,111,147,109,163,107,125,146,163,90,185,135
90,3,52,119,95,103,118,91,136,107,102,175,143,154,167,150,162,91,187,85,149,79,120,69,64,143,136,64,150,114,113,75,116,85,167,150,85,176,97,94,158,89,79,91,150,150,203,111,275,80,100,171,113,80,198,95,161,95,188,78,126,113,142,80,152,112
91,1,49,92,53,73,67,47,126,74,63,92,115,105,74,62,60,58,99,34,67,45,60,40,70,106,83,71,41,66,111,58,61,53,85,69,63,120,67,67,62,78,79,29,95,64,69,73,117,64,55,95,58,53,94,78,98,77,110,55,94,73,59,42,95,67
91,2,55,89,75,91,83,57,72,91,75,93,122,109,88,70,73,72,90,65,46,58,92,86,82,134,99,83,73,124,88,67,220,94,104,75,82,107,87,83,86,97,74,64,118,46,53,75,186,77,86,106,70,69,104,95,112,99,122,64,81,72,63,63,107,82
91,3,55,89,75,91,83,57,72,91,75,93,122,109,88,70,73,72,90,65,46,58,92,86,82,134,99,83,73,124,88,67,220,94,104,75,82,107,87,83,86,97,74,64,118,46,53,75,186,77,86,106,70,69,104,95,112,99,122,64,81,72,63,62,107,82
92,1,47,69,50,70,45,57,50,62,57,81,91,79,53,34,36,43,82,90,32,53,71,66,54,79,92,54,56,72,91,45,92,71,61,49,64,65,56,60,59,68,66,63,97,33,35,52,135,65,78,72,81,37,94,56,71,62,76,44,47,53,56,53,73,59
92,2,26,30,53,46,26,29,20,46,36,35,45,30,22,29,30,25,33,37,23,27,36,35,46,40,41,47,31,66,33,33,52,35,26,39,31,42,38,38,19,46,24,47,61,23,21,34,42,35,30,30,40,24,48,48,44,47,21,24,26,20,28,23,38,32
92,3,26,30,53,46,26,29,20,46,36,35,45,30,22,29,30,25,33,37,23,27,36,35,46,40,41,47,31,66,33,33,52,35,26,39,31,42,38,38,19,46,24,47,61,23,21,34,42,35,30,30,40,24,48,48,44,47,21,24,26,20,28,23,38,32
93,1,48,51,103,85,65,95,67,67,82,60,100,69,39,59,71,44,64,46,47,65,39,80,68,73,124,68,60,94,64,59,67,52,88,92,43,80,69,69,50,73,56,76,87,46,45,55,110,79,73,54,58,83,69,54,59,51,79,61,59,72,81,41,75,64
93,2,54,76,113,87,122,109,99,97,61,94,128,87,84,86,105,67,95,81,85,91,59,87,92,118,153,92,86,130,84,77,108,81,68,83,87,109,95,94,93,106,111,128,118,88,117,70,122,80,97,113,68,93,93,96,88,80,98,94,65,108,111,48,89,90
93,3,68,63,115,118,134,79,83,65,117,68,94,111,81,94,113,95,106,78,146,78,80,97,90,116,159,91,81,111,78,74,107,65,105,129,61,91,75,77,78,110,68,133,108,146,140,97,126,99,98,112,63,102,75,94,82,76,126,60,113,130,118,90,121,93
94,1,58,80,113,115,87,111,58,77,82,76,127,75,63,97,105,68,82,55,129,74,92,96,80,75,118,81,80,56,88,61,84,91,100,165,54,76,80,82,113,81,69,105,122,128,115,97,114,75,71,93,81,93,92,95,92,91,109,82,76,108,91,100,73,86
94,2,71,95,152,111,112,98,95,124,85,119,150,83,113,140,170,100,111,83,90,103,127,105,85,124,139,85,80,150,123,111,124,98,111,133,136,128,131,123,120,125,78,125,154,91,88,115,138,122,115,93,73,95,90,118,101,102,84,128,131,150,113,141,78,109
94,3,64,107,110,122,76,115,80,80,99,103,90,103,132,89,99,82,102,74,114,84,111,102,85,104,102,85,97,105,73,79,113,96,99,138,104,115,131,137,109,102,85,85,115,111,113,97,134,100,85,91,93,100,93,91,90,90,101,76,102,122,105,104,128,99
95,1,60,88,214,106,70,74,69,68,99,82,114,79,88,96,117,60,89,64,101,70,84,102,95,94,105,97,92,86,70,72,115,91,77,125,87,91,125,122,90,103,80,76,88,103,73,82,139,86,115,111,82,110,76,81,80,93,94,81,83,113,81,103,138,90
95,2,55,85,122,132,113,97,73,98,78,105,118,104,103,66,111,86,102,101,86,105,84,98,100,90,105,102,86,72,107,72,129,97,125,95,103,92,95,94,66,107,107,107,118,86,102,113,111,116,124,81,74,83,102,87,84,84,73,111,127,105,85,79,88,95
95,3,52,54,68,87,67,66,54,64,62,65,90,77,48,46,61,59,73,66,59,60,46,82,80,59,54,79,60,63,77,59,100,59,77,64,46,67,66,65,45,64,63,70,81,60,78,75,54,95,100,57,53,67,55,56,64,61,49,63,111,88,66,54,82,64
96,1,61,88,85,100,100,105,67,104,64,87,109,81,64,85,95,61,83,68,98,83,61,108,91,84,107,94,72,85,108,74,120,83,107,78,55,83,86,85,70,80,90,84,103,97,105,97,93,91,81,69,65,109,81,104,92,94,107,75,81,120,85,59,70,84
96,2,64,83,128,111,134,140,67,115,84,113,133,102,109,107,120,90,110,82,118,113,94,107,93,130,132,91,94,109,128,96,131,105,113,127,98,126,108,111,100,107,111,115,120,120,113,109,126,102,118,100,83,104,94,120,115,104,152,100,91,139,122,85,97,107
96,3,69,86,141,95,130,97,67,125,88,100,122,79,121,120,125,79,71,91,97,89,50,109,68,139,184,70,101,125,91,85,94,113,90,100,78,136,100,100,109,87,92,115,105,97,76,91,105,96,79,125,73,105,87,130,111,100,112,109,65,109,88,48,100,94
97,1,59,94,117,86,124,87,81,83,64,81,140,83,79,86,90,80,95,83,94,74,64,111,85,120,132,85,95,100,76,72,108,71,73,81,58,109,112,113,86,90,118,95,105,94,75,81,126,100,77,77,66,67,74,95,97,88,69,100,58,114,88,76,82,87
97,2,67,114,128,100,120,128,88,109,88,97,128,95,100,91,100,80,95,68,123,75,88,109,92,81,149,91,94,115,99,90,111,97,92,113,95,125,104,103,115,100,94,109,111,125,118,103,156,80,110,87,72,111,85,109,115,105,148,75,101,106,97,82,97,100
97,3,62,108,135,105,81,111,100,118,100,122,100,94,125,133,130,100,118,81,122,103,118,111,86,135,119,90,87,120,82,91,103,125,112,135,118,120,111,112,133,103,82,109,92,120,120,105,87,110,111,130,91,101,82,140,103,105,125,118,122,95,117,125,116,107
98,1,60,113,112,109,72,115,102,79,83,104,120,81,72,98,104,93,103,91,133,108,82,109,91,130,80,91,71,81,88,81,103,82,71,119,103,114,108,111,103,105,114,98,113,133,136,97,85,97,85,82,82,90,93,113,109,103,60,107,98,81,109,108,95,96
98,2,59,114,105,109,98,103,100,111,91,97,136,95,101,94,105,92,92,68,116,82,99,103,91,89,105,91,79,111,115,74,111,95,98,118,91,123,105,106,128,107,85,107,107,115,128,103,119,84,115,100,83,98,94,120,115,98,121,71,102,93,111,101,81,100
98,3,55,83,98,97,78,72,104,92,68,106,133,71,87,130,120,70,104,51,100,71,132,83,86,97,128,88,76,105,102,65,119,73,128,140,69,103,115,110,116,103,56,99,88,88,125,92,88,94,111,109,100,93,83,129,90,77,146,76,92,65,111,125,67,91
99,1,56,103,81,118,74,128,87,123,65,71,140,71,62,94,120,69,119,71,119,107,140,120,92,90,77,91,100,128,98,82,120,94,103,127,64,131,110,111,139,94,105,138,136,140,133,105,98,88,121,115,87,113,87,91,109,102,134,81,81,144,98,91,92,99
99,2,65,131,130,125,116,120,91,77,98,113,133,107,93,105,105,97,95,88,95,115,125,118,95,120,128,97,109,143,120,91,141,113,111,97,109,150,94,93,105,113,87,105,122,109,107,109,134,107,121,103,98,111,103,108,109,109,128,98,74,107,119,100,75,107
99,3,58,108,99,139,113,103,87,92,105,123,125,102,101,136,140,94,104,84,114,86,139,113,97,118,125,97,88,118,122,87,135,86,114,117,102,142,86,84,76,100,68,93,103,98,93,86,119,106,109,120,105,146,75,106,79,88,188,85,110,86,124,120,71,102
100,1,53,105,66,102,64,113,77,131,71,115,154,93,54,105,101,74,122,81,121,91,136,108,86,103,130,88,95,95,85,69,111,90,98,87,74,93,95,97,126,107,109,123,128,125,100,98,84,85,128,115,94,89,85,78,99,88,136,71,74,79,101,68,77,93
100,2,51,115,106,94,107,85,69,103,68,118,103,87,135,113,119,90,85,78,84,95,103,119,78,101,83,78,90,88,102,72,122,71,97,86,69,92,92,94,97,92,75,88,88,86,91,86,128,76,87,81,74,103,72,107,91,79,169,68,64,107,128,63,64,89
100,3,41,77,82,81,55,58,52,97,77,99,67,66,138,111,104,54,76,58,72,70,108,79,60,76,76,61,61,61,63,60,94,50,81,51,48,71,95,81,62,74,40,77,70,71,80,55,103,65,54,79,54,63,67,71,77,66,138,52,88,53,93,49,47,68
101,1,51,90,100,92,68,82,57,120,79,81,109,66,88,76,94,77,116,100,57,58,90,114,84,72,69,85,87,83,62,60,116,83,118,85,68,85,71,81,96,78,79,103,85,57,75,62,160,62,62,94,69,78,52,65,70,74,125,68,78,62,73,73,65,78
101,2,57,77,83,97,69,90,57,98,66,115,95,87,95,122,113,94,106,104,78,98,111,78,95,72,70,95,79,76,102,77,115,71,109,91,75,92,91,87,84,90,63,109,85,77,112,85,119,80,107,96,62,117,88,88,91,82,122,82,83,132,98,85,96,88
101,3,56,61,71,87,58,100,48,66,60,99,97,76,51,79,78,65,93,54,63,76,84,72,71,63,78,71,74,86,56,53,107,58,102,55,52,65,58,59,65,69,50,74,61,65,88,71,77,77,95,66,51,75,90,70,67,61,93,53,71,121,81,50,76,69
102,1,55,101,134,113,98,118,64,93,86,104,118,89,93,95,100,90,129,72,131,106,117,125,89,95,106,91,97,111,86,85,103,105,97,134,81,87,109,110,105,97,87,102,127,133,102,103,148,65,109,77,95,105,100,100,117,100,146,83,97,131,87,98,73,99
102,2,59,111,140,98,68,107,71,109,92,118,140,92,154,137,153,98,121,70,83,83,133,103,109,103,122,109,92,140,89,101,122,79,143,109,100,94,117,118,98,102,73,98,100,79,60,102,137,107,86,154,107,94,124,136,126,103,88,120,134,105,119,132,74,103
102,3,47,72,107,91,67,86,59,107,77,112,109,62,110,77,85,71,93,75,54,66,94,102,79,80,82,79,80,80,87,58,81,82,134,79,91,62,107,108,81,88,82,102,86,56,74,82,120,83,91,97,69,99,68,76,103,79,155,82,86,78,106,84,64,82
103,1,42,60,102,101,84,86,71,109,58,100,95,65,96,81,90,74,97,66,43,61,122,89,65,73,93,65,77,70,93,67,79,48,146,61,94,74,93,92,86,89,74,82,54,43,59,81,104,111,62,100,85,113,76,71,86,73,130,87,97,98,91,76,54,78
103,2,65,114,98,141,117,94,61,106,83,114,128,94,77,118,128,102,123,74,79,81,128,115,93,99,93,95,86,76,106,88,131,88,148,82,114,104,107,106,92,109,128,103,67,79,94,118,122,124,109,125,98,98,109,111,129,104,154,117,131,109,122,80,91,101
103,3,59,97,66,111,81,66,33,85,52,62,120,83,54,94,107,88,101,62,67,67,82,116,85,73,67,86,80,78,83,63,113,92,160,92,98,109,66,67,57,93,88,81,85,63,78,120,74,75,113,92,68,84,92,107,114,98,154,93,125,98,99,57,88,81
104,1,61,113,77,107,66,90,67,100,76,82,140,77,64,97,107,76,87,59,67,76,90,123,90,85,101,91,81,88,94,75,122,86,82,107,70,109,82,81,62,91,91,78,95,71,72,92,122,72,111,85,67,114,95,113,136,98,139,81,93,125,78,65,57,86
104,2,66,128,116,120,106,122,90,125,88,109,136,99,91,118,125,98,107,79,104,103,135,115,95,122,129,97,113,107,119,95,155,109,113,133,117,113,109,111,102,115,107,109,105,103,103,115,104,96,131,85,86,116,102,120,146,120,155,100,109,121,115,107,100,110
104,3,57,106,127,103,104,83,78,120,95,117,125,98,126,107,122,101,76,89,75,80,112,113,85,122,134,86,94,102,102,92,201,109,110,137,113,95,107,107,107,102,104,130,98,76,68,111,107,107,93,136,82,115,98,115,176,105,173,102,75,99,121,130,94,103
105,1,53,100,122,89,107,91,49,102,64,90,107,73,80,78,86,90,90,75,60,86,105,103,69,118,80,69,87,70,81,79,93,80,72,76,73,79,124,125,80,78,61,120,108,60,66,85,101,92,69,111,57,90,78,78,103,73,135,86,52,80,99,98,97,83
105,2,61,103,100,97,78,115,70,75,87,87,125,98,100,94,98,92,88,67,100,68,118,124,84,78,78,86,90,109,91,74,90,99,80,119,71,88,104,105,100,109,77,103,87,102,104,103,133,71,115,82,79,72,87,98,124,87,158,85,62,93,93,115,62,91
105,3,68,77,93,95,76,70,76,78,83,125,113,65,146,123,119,107,98,83,71,58,111,121,87,129,98,87,98,95,70,86,105,99,95,86,102,80,118,114,80,88,74,112,82,75,81,92,120,113,118,115,90,115,75,79,74,55,170,111,106,86,97,134,63,91
106,1,67,63,77,85,69,81,48,118,85,88,79,81,67,96,99,88,91,84,70,74,75,93,85,86,134,86,72,87,93,51,85,95,123,74,115,129,64,64,98,87,88,105,82,67,60,75,94,102,83,81,48,42,104,67,82,58,144,81,66,71,78,95,83,79
106,2,53,87,71,95,99,103,57,106,82,80,146,67,100,94,113,85,80,69,61,77,85,120,83,70,86,84,90,97,78,67,78,97,73,82,90,109,88,87,100,97,63,105,67,60,57,92,80,79,102,54,68,95,84,80,80,78,139,67,67,92,73,73,63,81
106,3,37,66,45,72,59,105,48,117,61,70,120,67,111,86,88,71,76,74,44,78,79,131,75,107,83,75,67,102,88,54,106,67,71,57,73,102,53,54,95,61,48,111,45,44,43,66,115,88,85,89,77,111,75,59,49,52,156,66,83,65,117,60,67,71
107,1,48,58,64,88,86,105,68,72,76,54,97,90,83,70,67,71,84,91,85,70,54,74,81,67,82,82,57,71,111,67,130,71,79,78,67,85,93,91,92,70,80,92,73,85,79,61,68,81,82,82,74,91,92,67,65,72,135,74,99,81,77,72,109,78
107,2,48,79,98,95,76,83,50,64,70,87,78,87,58,60,62,70,92,62,68,67,84,91,73,64,85,73,87,66,74,61,120,75,69,61,60,70,69,69,68,102,95,81,69,69,58,62,56,105,92,62,82,94,91,85,89,83,84,58,97,118,49,50,98,74
107,3,54,69,82,90,97,55,72,107,81,109,107,79,97,67,63,76,82,62,94,69,50,80,82,81,136,83,90,79,67,61,140,83,87,74,90,62,97,97,87,111,83,111,62,94,78,86,51,84,125,97,97,126,98,100,86,87,117,70,52,95,93,57,111,82
108,1,59,87,92,86,102,94,86,128,81,100,105,67,57,109,92,53,94,66,111,83,94,77,82,112,154,82,74,97,87,59,140,77,111,109,63,61,109,110,86,105,62,132,68,111,83,81,87,97,85,90,76,137,105,111,94,100,160,51,97,107,94,90,92,88
108,2,52,68,154,70,113,92,63,67,78,92,78,55,54,111,107,83,66,64,76,79,100,65,61,97,111,62,69,92,67,83,122,73,71,86,58,79,110,111,80,72,43,112,59,70,78,71,145,111,58,65,75,147,103,100,95,86,152,42,87,69,78,76,72,78
108,3,56,96,140,81,133,54,49,111,67,119,103,86,86,147,122,94,104,68,134,95,146,79,87,114,166,86,111,138,102,87,109,113,129,76,99,109,74,73,113,82,109,140,62,156,188,101,130,105,125,105,107,158,119,120,136,107,204,75,110,115,143,107,98,101
109,1,65,119,158,100,125,92,62,146,81,70,128,113,105,205,136,118,110,77,128,116,140,68,94,136,183,95,105,185,118,91,181,88,140,162,106,153,118,116,114,115,71,140,83,130,86,110,167,122,124,143,120,145,122,105,125,114,254,77,146,196,163,124,138,115
109,2,65,94,171,98,113,127,77,73,79,112,118,102,70,120,107,85,110,79,87,87,98,96,92,87,118,94,88,83,92,80,143,118,132,115,98,128,108,107,93,107,109,102,82,87,81,92,119,107,115,81,91,149,106,104,107,98,125,101,77,153,98,118,91,99
109,3,67,93,133,110,128,132,69,120,87,122,143,107,105,176,171,105,104,76,158,119,100,100,77,120,171,78,108,128,125,71,131,118,160,106,111,120,114,117,130,103,125,118,81,158,169,120,169,103,125,115,90,147,100,128,136,100,167,99,115,176,105,122,115,114
110,1,71,128,140,116,128,130,64,140,82,90,143,102,88,158,140,109,100,71,200,97,151,136,90,146,182,91,98,162,150,85,171,118,167,180,64,120,133,130,136,107,120,146,92,194,170,113,218,91,146,154,82,172,111,111,130,122,200,104,136,182,86,125,100,118
110,2,68,131,198,113,115,83,97,82,86,105,136,86,90,130,122,115,86,68,94,120,140,109,96,98,128,95,91,133,107,77,130,118,147,100,122,87,82,83,113,125,94,98,90,95,97,92,142,114,92,103,75,136,92,128,146,111,162,90,78,142,114,98,100,104
110,3,66,148,181,128,146,89,101,140,86,158,150,133,128,202,200,120,122,73,192,150,158,155,93,136,168,94,120,176,152,106,194,150,186,172,143,140,116,118,172,148,140,140,107,202,205,128,209,128,167,158,107,136,113,146,182,150,209,108,118,173,190,149,125,138
111,1,75,151,169,113,136,140,117,148,89,139,162,130,125,186,158,124,122,74,170,143,165,146,93,148,186,94,110,200,126,97,155,111,146,245,150,158,128,125,171,119,146,130,115,157,193,146,230,118,158,200,103,215,115,115,148,112,320,107,171,191,159,139,132,137
111,2,62,134,176,113,100,141,87,85,81,112,136,119,97,130,127,104,120,83,109,97,118,109,93,88,92,94,93,109,102,84,142,103,109,116,140,143,112,113,100,125,115,130,98,115,106,117,160,115,136,98,105,156,114,96,130,112,116,94,91,147,100,94,86,109
111,3,64,97,136,125,92,122,96,111,86,132,130,99,103,194,178,113,111,76,158,128,101,105,82,122,167,82,122,154,101,76,133,113,143,122,87,133,117,115,146,107,140,120,82,155,169,123,174,115,113,124,105,128,104,136,122,112,182,109,118,151,112,133,102,116
112,1,64,113,143,120,116,125,96,140,83,136,143,94,79,171,162,115,109,70,194,108,147,154,91,137,158,92,94,158,177,87,125,122,150,182,73,122,121,111,158,107,120,140,103,194,204,120,235,113,167,169,85,167,107,128,118,114,202,126,146,162,86,125,91,122
112,2,67,142,181,115,119,86,96,95,83,107,128,105,70,136,136,111,95,70,102,130,140,109,89,76,104,87,115,140,105,78,144,109,176,105,79,107,119,136,122,118,94,100,109,96,107,102,155,88,98,98,78,147,87,113,146,99,157,89,102,146,139,128,111,107
112,3,70,144,188,150,133,97,89,140,91,125,107,136,131,217,200,120,128,75,166,150,175,147,77,140,192,79,120,185,162,95,179,130,183,161,140,160,119,120,158,125,158,143,120,188,184,122,300,140,167,158,105,173,122,160,188,130,229,114,154,218,146,165,133,137
113,1,75,149,161,151,98,118,108,158,95,154,122,130,105,211,167,133,129,80,175,151,153,165,91,140,158,91,131,210,130,86,163,100,161,215,162,160,125,119,181,103,115,130,115,174,191,140,225,122,187,176,113,163,128,138,142,119,252,94,213,156,121,148,133,135
113,2,60,121,150,101,85,128,72,92,82,128,128,113,58,133,122,88,99,86,103,105,106,110,81,74,89,83,119,97,97,84,163,92,103,107,140,140,111,112,100,105,97,115,94,103,102,109,164,116,122,100,98,128,110,96,120,99,125,90,93,150,114,94,86,103
113,3,65,84,99,123,87,109,81,118,86,143,125,97,96,194,182,103,100,70,146,118,101,89,75,113,140,76,115,150,94,69,145,102,122,109,103,128,113,111,136,98,128,125,82,154,150,111,172,118,136,140,81,130,99,134,115,94,176,106,122,133,114,119,113,110
114,1,63,107,103,115,111,128,100,133,91,122,146,91,68,182,162,113,109,69,158,103,132,128,86,134,143,86,94,90,129,88,153,120,122,158,109,120,103,102,147,97,143,136,109,155,146,113,169,104,150,158,77,168,100,136,122,111,200,123,120,163,142,120,100,116
114,2,67,137,167,109,84,82,54,95,89,133,122,107,58,150,140,113,90,69,112,125,128,113,85,82,96,87,122,136,119,81,123,91,125,122,80,111,113,118,118,125,95,95,92,110,107,90,172,97,111,97,71,127,102,122,130,98,158,111,125,130,119,110,76,103
114,3,73,120,177,105,93,94,101,128,85,158,103,85,117,261,232,103,75,78,104,105,163,137,74,85,87,73,93,152,88,102,190,86,150,114,123,123,103,102,122,92,86,140,86,105,113,102,188,112,136,150,80,150,92,158,122,102,131,105,128,143,104,122,92,110
115,1,66,111,193,140,98,140,125,130,97,120,134,92,70,130,113,98,118,88,77,70,114,122,95,87,120,97,136,148,93,78,117,124,137,87,67,113,74,73,83,100,111,83,83,77,97,118,149,97,150,115,118,146,92,105,102,97,85,109,105,113,115,73,167,103
115,2,55,98,171,100,98,113,73,72,82,93,140,100,52,122,109,86,86,79,73,79,80,100,79,71,66,79,95,100,77,85,117,81,111,70,63,103,83,82,83,118,130,70,69,74,114,86,113,72,136,78,109,137,100,98,95,80,93,83,94,120,78,50,111,88
115,3,68,87,118,103,75,97,84,118,95,144,122,84,95,146,106,102,95,73,99,100,65,91,91,109,135,91,102,111,95,78,120,78,136,104,97,79,100,102,106,97,87,112,81,100,119,97,149,91,130,105,97,129,76,94,100,85,146,73,95,105,83,67,121,98
116,1,55,104,107,115,95,100,85,136,102,118,125,67,82,122,103,69,99,68,83,85,111,133,93,97,117,96,91,97,108,71,105,88,102,161,65,66,109,109,116,86,71,140,94,83,122,83,108,102,118,111,105,213,78,113,100,100,136,83,109,107,60,85,103,97
116,2,57,87,140,83,78,105,73,72,95,136,98,61,118,118,111,71,72,63,134,71,133,116,70,95,92,69,109,108,75,74,109,71,88,122,74,75,115,115,86,71,49,109,88,97,94,73,172,125,93,61,79,120,78,85,115,69,163,66,102,85,114,55,85,88
116,3,55,95,136,95,122,64,58,113,59,143,100,103,109,158,137,95,113,61,107,109,65,127,87,136,160,87,136,117,135,78,108,143,96,90,115,118,70,70,100,87,142,133,88,150,154,100,201,122,170,101,106,143,105,78,65,66,191,83,122,131,145,110,123,103
117,1,58,138,154,109,82,89,61,135,110,120,133,111,133,176,139,120,122,83,81,104,117,154,86,84,114,87,109,122,133,86,98,136,71,112,129,150,96,97,93,102,109,145,91,81,76,115,164,130,140,113,102,135,101,68,78,63,181,107,158,163,158,129,126,107
117,2,62,75,103,105,66,85,64,78,65,93,100,85,60,111,118,78,100,81,130,78,88,108,84,68,59,83,86,79,115,77,126,105,90,82,85,133,101,99,88,109,76,118,87,130,130,103,203,106,125,91,76,94,102,84,82,78,152,83,100,107,106,79,102,91
117,3,61,87,97,122,85,92,66,111,70,146,115,128,107,167,175,109,80,81,122,78,95,129,89,117,141,91,97,125,118,72,142,118,112,143,117,136,108,107,122,88,131,118,91,122,143,133,108,129,110,120,76,114,98,133,94,105,158,100,76,162,124,75,105,106
118,1,61,128,109,128,109,143,81,133,99,94,125,111,77,162,159,107,105,74,154,101,136,154,88,128,157,91,94,155,171,90,133,122,143,200,69,105,116,123,150,103,125,146,118,158,167,118,148,119,115,145,82,162,97,128,122,109,226,113,138,171,89,130,100,118
118,2,59,141,180,120,120,92,67,100,89,140,115,85,101,118,120,111,91,67,78,127,120,103,90,92,103,88,113,129,110,81,130,130,91,108,88,86,109,105,115,109,94,105,87,79,107,105,137,101,97,106,82,146,93,113,136,96,138,103,88,146,125,60,105,102
118,3,67,138,207,136,136,100,93,154,97,170,88,120,136,189,194,122,127,71,157,120,151,160,93,182,148,95,142,191,141,89,143,140,122,235,143,122,125,122,169,130,150,154,107,154,146,133,188,147,219,176,111,152,102,148,136,119,243,115,143,184,188,111,126,134
119,1,67,139,167,146,95,135,119,129,95,175,136,125,134,192,171,120,131,78,128,143,144,210,88,112,173,88,114,164,123,106,133,118,93,157,143,154,124,128,148,128,150,133,88,130,133,154,207,141,164,178,111,144,119,98,116,74,249,119,172,179,163,111,124,129
119,2,65,89,97,107,68,88,65,91,65,92,107,93,69,117,130,83,103,82,125,80,102,115,80,67,76,80,87,109,105,69,115,90,82,93,105,140,110,110,92,105,100,118,91,122,115,113,168,111,125,100,85,92,106,87,98,79,153,93,115,141,119,51,92,95
119,3,58,83,98,133,90,87,112,101,73,98,102,103,102,172,185,107,87,78,122,84,88,97,80,113,146,82,113,136,101,74,162,126,107,128,103,125,98,98,122,90,130,113,93,122,118,128,102,121,96,102,75,109,98,107,102,102,133,100,94,138,132,78,97,104
120,1,61,105,121,128,107,133,77,136,90,115,107,102,80,182,181,111,90,80,136,103,125,122,91,140,167,91,97,133,197,91,137,117,140,194,69,128,121,124,150,87,140,140,116,133,128,118,175,118,168,237,81,134,107,119,118,99,231,115,131,162,99,91,100,117
120,2,65,129,171,118,113,95,68,98,74,145,126,81,71,125,115,111,94,67,102,119,134,103,86,88,93,88,101,74,108,76,140,125,140,97,69,106,105,109,107,122,120,102,93,102,103,100,136,118,107,103,75,172,83,125,125,94,128,98,94,156,127,77,111,102
120,3,70,144,187,133,129,103,103,133,94,175,101,111,132,182,191,125,122,81,94,126,151,153,98,139,144,97,101,130,125,88,136,126,140,219,131,117,123,112,154,122,146,140,103,95,111,122,227,150,172,167,100,152,105,132,118,111,227,109,133,137,160,165,135,127
121,1,69,106,161,126,86,115,86,135,110,153,107,122,130,188,172,118,125,82,66,137,133,173,94,136,136,92,106,130,190,85,118,97,95,141,103,140,108,107,132,120,115,129,94,66,87,128,158,125,192,200,109,155,115,129,102,77,295,107,190,167,162,121,121,118
121,2,59,74,93,97,63,77,51,94,51,84,103,76,57,135,142,81,102,86,91,68,84,104,81,57,79,83,77,50,110,72,113,86,81,70,88,133,72,74,56,104,82,115,80,92,67,88,175,103,111,109,75,92,116,83,78,74,106,90,99,125,94,55,84,83
121,3,53,74,93,95,73,72,59,91,78,118,66,89,114,178,183,94,80,71,81,80,68,96,71,115,113,71,82,146,95,71,125,77,120,92,73,113,86,86,79,83,112,100,82,82,76,98,97,123,113,105,69,83,102,91,82,82,204,88,90,109,103,68,86,89
122,1,65,101,98,113,97,123,63,123,96,115,112,75,83,167,187,102,103,72,90,88,98,113,84,123,128,85,101,68,150,80,120,100,125,157,65,125,114,111,103,108,109,133,103,90,98,98,151,115,126,208,78,184,90,91,107,105,130,108,112,151,94,92,93,104
122,2,59,111,157,102,104,89,50,104,82,136,115,93,62,136,136,102,85,64,92,109,112,98,83,72,94,83,86,107,98,84,126,102,97,100,95,102,109,112,97,111,90,100,87,92,97,76,122,108,150,94,92,127,89,115,111,88,115,106,61,117,123,108,82,96
122,3,56,91,181,97,72,81,90,130,74,161,98,71,131,250,222,87,65,76,91,94,125,64,79,124,98,80,83,130,82,76,162,80,136,98,85,111,117,114,57,90,75,102,85,91,94,79,173,112,117,118,107,144,75,84,85,81,112,89,85,112,109,85,100,96
123,1,70,75,173,111,93,130,122,118,98,144,128,65,79,118,115,72,100,98,56,63,95,109,85,82,100,86,120,94,89,74,103,122,133,68,70,107,93,94,58,102,86,77,78,56,75,111,109,98,135,118,106,137,109,82,105,95,75,107,95,99,101,58,142,92
123,2,49,90,162,86,77,113,66,73,69,107,125,83,65,111,101,83,78,77,62,67,71,77,94,64,75,94,109,65,83,71,113,70,125,74,51,95,96,96,77,111,115,60,72,62,83,79,120,78,118,67,88,131,88,68,86,79,60,98,90,107,94,38,91,81
123,3,65,83,120,72,61,83,33,92,90,90,128,60,61,118,90,91,80,77,84,67,83,93,69,87,118,70,97,60,75,59,98,59,146,72,77,73,109,107,50,79,85,96,77,82,69,74,109,94,120,98,61,143,100,94,82,67,91,75,98,88,78,55,100,80
124,1,70,96,105,90,70,86,51,128,97,87,125,59,53,130,94,59,90,66,91,64,119,87,78,96,117,79,99,63,103,69,115,103,150,125,45,96,111,114,60,76,75,140,92,94,83,67,107,82,120,103,80,161,101,108,105,92,146,72,128,125,71,49,91,87
124,2,65,112,140,111,106,86,78,92,101,130,125,88,97,133,125,102,102,68,110,108,126,100,88,116,151,90,105,107,125,94,167,133,150,95,94,113,117,116,102,102,113,100,100,105,118,103,155,103,133,100,69,152,108,107,114,89,153,94,121,158,123,89,103,108
124,3,74,119,111,111,124,120,85,125,100,141,136,100,103,162,150,111,107,68,133,109,150,106,93,133,142,92,121,133,136,96,154,158,167,126,111,130,101,101,115,103,115,136,102,143,136,109,148,114,143,162,55,152,117,128,146,89,141,103,119,154,130,91,103,116
125,1,68,111,83,105,128,133,71,95,100,122,133,94,89,133,130,105,103,63,132,105,125,98,82,121,140,85,91,120,107,102,150,115,158,138,88,111,117,135,105,85,78,140,102,130,143,102,171,98,129,125,84,144,116,104,123,93,222,100,102,136,113,77,78,108
125,2,72,115,115,81,125,105,110,113,106,136,125,88,106,136,136,103,111,60,77,115,133,111,87,132,143,87,64,122,101,118,142,80,128,126,57,109,110,98,92,92,70,133,115,77,130,95,121,104,129,136,103,213,122,139,133,84,131,105,120,136,125,49,80,104
125,3,53,97,105,85,130,72,104,86,100,130,109,76,85,109,96,107,90,69,77,100,88,82,71,128,130,71,70,125,79,77,130,79,122,87,93,102,105,105,54,79,107,115,94,77,95,76,168,78,122,91,69,119,97,88,107,80,133,92,98,102,97,52,87,91
126,1,68,135,87,100,125,92,87,92,107,136,125,81,95,115,102,109,92,69,114,87,128,77,62,125,122,63,67,115,70,89,140,125,136,105,90,100,111,112,81,88,63,133,100,113,125,92,129,64,141,95,81,151,113,108,119,99,158,105,102,129,95,35,92,96
126,2,67,128,65,118,106,109,89,103,102,145,130,98,87,111,120,102,100,64,117,92,126,99,84,115,109,83,107,94,122,99,130,136,162,122,109,105,111,110,98,103,108,120,102,125,111,92,150,90,132,136,97,144,109,128,147,103,158,88,103,141,112,88,90,107
126,3,76,124,90,122,90,83,74,92,74,120,122,95,74,103,97,90,102,61,112,87,115,91,71,104,115,73,99,88,139,83,150,122,146,103,82,88,108,108,98,95,103,120,86,115,107,85,125,101,122,95,90,152,109,118,136,89,140,84,99,119,92,78,86,98
127,1,61,107,63,107,90,75,59,81,71,125,131,80,50,94,91,90,86,65,96,86,98,75,63,91,92,62,82,56,103,76,125,111,140,91,77,80,103,106,71,91,70,98,81,91,78,66,110,79,103,86,82,64,91,92,133,84,120,73,90,105,75,48,76,83
127,2,47,89,66,90,74,55,37,69,89,103,115,69,32,77,69,64,82,73,65,93,89,53,58,81,91,59,47,53,93,63,144,86,97,58,60,75,93,91,55,69,49,100,82,65,67,54,83,60,85,65,72,153,86,107,118,75,95,70,93,69,66,35,72,70
127,3,33,55,43,67,37,44,30,50,64,66,83,52,19,47,40,55,55,74,44,60,52,62,40,61,67,41,60,40,78,39,98,53,72,31,40,44,62,63,33,47,42,58,57,45,47,43,43,45,61,33,37,44,58,62,85,59,46,43,59,51,55,26,51,48
128,1,31,70,83,94,59,63,49,71,73,71,113,75,46,97,109,57,52,74,76,80,62,95,65,73,70,66,76,73,126,60,220,83,107,66,85,85,64,64,57,69,47,87,56,76,54,65,54,60,91,100,63,93,79,95,88,81,101,94,72,86,73,53,93,73
128,2,31,70,83,94,59,63,49,71,73,71,113,75,46,97,109,57,52,74,76,80,62,95,65,73,70,66,76,73,126,60,220,83,107,66,85,85,64,64,57,69,47,87,56,76,54,65,54,60,91,100,63,93,79,95,88,81,101,94,72,86,73,53,93,73
128,3,31,70,83,94,59,63,49,71,73,71,113,75,46,97,109,57,52,74,76,80,62,95,65,73,70,66,76,73,126,60,220,83,107,66,85,85,64,64,57,69,47,87,56,76,54,65,54,60,91,100,63,93,79,95,88,81,101,94,72,86,73,53,93,73
129,1,31,70,83,94,59,63,49,71,73,71,113,75,46,97,109,57,52,74,76,80,63,95,65,73,70,66,76,73,126,60,220,83,107,66,85,85,64,64,57,69,47,87,56,76,54,65,54,60,91,100,63,93,79,95,88,81,101,94,72,86,73,53,93,73
129,2,59,86,62,94,70,100,56,71,69,107,120,66,39,72,80,79,77,70,70,59,72,95,74,128,136,73,67,103,78,70,153,94,111,77,52,102,88,88,54,75,82,87,92,70,64,67,111,70,90,75,64,127,100,92,94,75,97,97,90,109,65,48,70,78
129,3,61,102,92,125,121,145,95,107,80,128,136,87,85,96,92,97,97,85,110,82,93,90,84,128,150,86,86,122,95,83,163,109,120,105,71,122,97,97,79,85,95,113,105,113,98,97,142,87,101,105,88,162,102,90,109,78,107,94,122,146,72,74,107,100
130,1,65,109,102,127,136,147,103,103,90,136,136,100,91,97,90,97,81,78,122,82,105,93,79,122,133,79,88,113,115,92,154,111,115,115,83,130,86,86,90,88,98,90,102,122,118,100,102,106,100,120,68,158,86,89,97,74,130,91,120,172,67,78,122,101
130,2,64,103,98,126,133,146,107,109,91,133,133,109,90,87,84,102,92,79,109,90,109,95,80,115,139,81,92,95,100,88,153,109,120,113,94,130,98,98,90,95,92,109,100,108,115,97,138,113,113,128,91,154,94,89,102,72,120,86,109,131,82,88,130,103
130,3,62,97,90,109,133,128,94,100,86,125,136,92,88,81,81,95,87,76,94,79,95,86,69,115,113,70,85,88,97,80,135,97,112,111,91,122,100,100,83,92,99,97,95,94,100,87,118,122,100,120,81,147,87,88,94,71,120,72,109,129,81,70,125,95
131,1,58,91,75,97,103,113,76,95,83,109,138,83,69,71,68,85,75,68,80,67,80,79,69,100,99,69,78,81,91,73,113,91,101,91,76,105,90,90,76,77,87,86,85,80,86,72,99,115,94,98,66,120,83,78,87,67,97,71,95,123,51,54,107,84
131,2,48,81,48,91,65,80,68,77,69,86,105,76,45,61,61,69,69,63,70,51,71,67,51,91,85,52,75,49,75,60,107,71,84,70,58,91,94,94,62,65,78,73,71,71,61,63,102,93,82,74,76,94,69,69,71,56,76,61,67,102,56,47,86,70
131,3,37,54,73,71,36,50,41,52,57,61,87,55,33,60,50,53,53,47,40,46,45,52,60,47,48,61,50,29,50,42,91,55,71,37,46,61,58,58,33,51,55,53,45,40,41,44,95,72,70,46,61,86,49,52,51,37,53,51,53,96,50,32,49,51
132,1,35,24,34,39,18,44,27,30,69,37,109,31,14,26,23,31,33,39,30,48,35,60,33,69,32,33,31,41,53,26,71,43,100,28,24,53,44,44,21,29,34,31,40,30,28,28,55,32,41,32,36,77,41,36,34,28,23,24,40,37,60,21,71,34
132,2,21,23,23,32,16,35,24,24,32,12,43,16,17,36,35,16,22,27,24,23,29,28,21,22,14,21,15,13,26,17,51,14,60,18,14,31,21,21,17,18,25,22,25,20,20,24,38,26,23,16,26,36,16,38,23,15,34,16,36,31,26,14,21,22
132,3,21,23,23,32,16,35,24,24,32,12,43,16,17,36,35,16,22,27,24,23,29,28,21,22,14,21,15,13,26,17,51,14,60,18,14,31,21,21,17,18,25,22,25,20,20,24,38,26,23,16,26,36,16,38,23,15,34,16,36,31,26,14,21,22